Workbook

Sheet Sheet1
A1: player_name | B1: team | C1: games_played_season | D1: completions | E1: pass_attempts | F1: comp_pct | G1: season_passing_yards | H1: TD | I1: interception | J1: season | K1: season_average_pass_attempts | L1: season_average_passing_yards | M1: rush_attempts | N1: rushing_yards | O1: season_average_rushing_yards | P1: season_average_rush_attempts
A2: Drew Brees | B2: NOR | C2: 16 | D2: 422 | E2: 670 | F2: 63 | G2: 5177 | H2: 43 | I2: 19 | J2: 2012 | K2: =E2/C2 -> 41.875 | L2: =G2/C2 -> 323.5625 | M2: =VLOOKUP(A2, '2012'!$A:$H, 2, FALSE) -> 15 | N2: =VLOOKUP(A2, '2012'!$A:$H, 3, FALSE) -> 5 | O2: =N2/C2 -> 0.3125 | P2: =M2/C2 -> 0.9375
A3: Matthew Stafford | B3: DET | C3: 16 | D3: 435 | E3: 727 | F3: 59.8 | G3: 4967 | H3: 20 | I3: 17 | J3: 2012 | K3: =E3/C3 -> 45.4375 | L3: =G3/C3 -> 310.4375 | M3: =VLOOKUP(A3, '2012'!$A:$H, 2, FALSE) -> 35 | N3: =VLOOKUP(A3, '2012'!$A:$H, 3, FALSE) -> 126 | O3: =N3/C3 -> 7.875 | P3: =M3/C3 -> 2.1875
A4: Tony Romo | B4: DAL | C4: 16 | D4: 425 | E4: 648 | F4: 65.6 | G4: 4903 | H4: 28 | I4: 19 | J4: 2012 | K4: =E4/C4 -> 40.5 | L4: =G4/C4 -> 306.4375 | M4: =VLOOKUP(A4, '2012'!$A:$H, 2, FALSE) -> 30 | N4: =VLOOKUP(A4, '2012'!$A:$H, 3, FALSE) -> 49 | O4: =N4/C4 -> 3.0625 | P4: =M4/C4 -> 1.875
A5: Tom Brady | B5: NWE | C5: 16 | D5: 401 | E5: 637 | F5: 63 | G5: 4827 | H5: 34 | I5: 8 | J5: 2012 | K5: =E5/C5 -> 39.8125 | L5: =G5/C5 -> 301.6875 | M5: =VLOOKUP(A5, '2012'!$A:$H, 2, FALSE) -> 23 | N5: =VLOOKUP(A5, '2012'!$A:$H, 3, FALSE) -> 32 | O5: =N5/C5 -> 2 | P5: =M5/C5 -> 1.4375
A6: Matt Ryan | B6: ATL | C6: 16 | D6: 422 | E6: 615 | F6: 68.6 | G6: 4719 | H6: 32 | I6: 14 | J6: 2012 | K6: =E6/C6 -> 38.4375 | L6: =G6/C6 -> 294.9375 | M6: =VLOOKUP(A6, '2012'!$A:$H, 2, FALSE) -> 34 | N6: =VLOOKUP(A6, '2012'!$A:$H, 3, FALSE) -> 141 | O6: =N6/C6 -> 8.8125 | P6: =M6/C6 -> 2.125
A7: Peyton Manning | B7: DEN | C7: 16 | D7: 400 | E7: 583 | F7: 68.6 | G7: 4659 | H7: 37 | I7: 11 | J7: 2012 | K7: =E7/C7 -> 36.4375 | L7: =G7/C7 -> 291.1875 | M7: =VLOOKUP(A7, '2012'!$A:$H, 2, FALSE) -> 23 | N7: =VLOOKUP(A7, '2012'!$A:$H, 3, FALSE) -> 6 | O7: =N7/C7 -> 0.375 | P7: =M7/C7 -> 1.4375
A8: Andrew Luck | B8: IND | C8: 16 | D8: 339 | E8: 627 | F8: 54.1 | G8: 4374 | H8: 23 | I8: 18 | J8: 2012 | K8: =E8/C8 -> 39.1875 | L8: =G8/C8 -> 273.375 | M8: =VLOOKUP(A8, '2012'!$A:$H, 2, FALSE) -> 62 | N8: =VLOOKUP(A8, '2012'!$A:$H, 3, FALSE) -> 255 | O8: =N8/C8 -> 15.9375 | P8: =M8/C8 -> 3.875
A9: Aaron Rodgers | B9: GNB | C9: 16 | D9: 371 | E9: 552 | F9: 67.2 | G9: 4295 | H9: 39 | I9: 8 | J9: 2012 | K9: =E9/C9 -> 34.5 | L9: =G9/C9 -> 268.4375 | M9: =VLOOKUP(A9, '2012'!$A:$H, 2, FALSE) -> 54 | N9: =VLOOKUP(A9, '2012'!$A:$H, 3, FALSE) -> 259 | O9: =N9/C9 -> 16.1875 | P9: =M9/C9 -> 3.375
A10: Josh Freeman | B10: TAM | C10: 16 | D10: 306 | E10: 558 | F10: 54.8 | G10: 4065 | H10: 27 | I10: 17 | J10: 2012 | K10: =E10/C10 -> 34.875 | L10: =G10/C10 -> 254.0625 | M10: =VLOOKUP(A10, '2012'!$A:$H, 2, FALSE) -> 39 | N10: =VLOOKUP(A10, '2012'!$A:$H, 3, FALSE) -> 139 | O10: =N10/C10 -> 8.6875 | P10: =M10/C10 -> 2.4375
A11: Carson Palmer | B11: OAK | C11: 15 | D11: 345 | E11: 565 | F11: 61.1 | G11: 4018 | H11: 22 | I11: 14 | J11: 2012 | K11: =E11/C11 -> 37.666667 | L11: =G11/C11 -> 267.86667 | M11: =VLOOKUP(A11, '2012'!$A:$H, 2, FALSE) -> 18 | N11: =VLOOKUP(A11, '2012'!$A:$H, 3, FALSE) -> 36 | O11: =N11/C11 -> 2.4 | P11: =M11/C11 -> 1.2
A12: Matt Schaub | B12: HOU | C12: 16 | D12: 350 | E12: 544 | F12: 64.3 | G12: 4008 | H12: 22 | I12: 12 | J12: 2012 | K12: =E12/C12 -> 34 | L12: =G12/C12 -> 250.5 | M12: =VLOOKUP(A12, '2012'!$A:$H, 2, FALSE) -> 21 | N12: =VLOOKUP(A12, '2012'!$A:$H, 3, FALSE) -> -9 | O12: =N12/C12 -> -0.5625 | P12: =M12/C12 -> 1.3125
A13: Eli Manning | B13: NYG | C13: 16 | D13: 321 | E13: 536 | F13: 59.9 | G13: 3948 | H13: 26 | I13: 15 | J13: 2012 | K13: =E13/C13 -> 33.5 | L13: =G13/C13 -> 246.75 | M13: =VLOOKUP(A13, '2012'!$A:$H, 2, FALSE) -> 20 | N13: =VLOOKUP(A13, '2012'!$A:$H, 3, FALSE) -> 30 | O13: =N13/C13 -> 1.875 | P13: =M13/C13 -> 1.25
... A38: Brady Quinn | B38: KAN | C38: 8 | D38: 112 | E38: 197 | F38: 56.9 | G38: 1141 | H38: 2 | I38: 8 | J38: 2012 | K38: =E38/C38 -> 24.625 | L38: =G38/C38 -> 142.625 | M38: =VLOOKUP(A38, '2012'!$A:$H, 2, FALSE) -> 19 | N38: =VLOOKUP(A38, '2012'!$A:$H, 3, FALSE) -> 66 | O38: =N38/C38 -> 8.25 | P38: =M38/C38 -> 2.375
A39: Peyton Manning | B39: DEN | C39: 16 | D39: 450 | E39: 659 | F39: 68.3 | G39: 5477 | H39: 55 | I39: 10 | J39: 2013 | K39: =E39/C39 -> 41.1875 | L39: =G39/C39 -> 342.3125 | M39: =VLOOKUP(A39, '2013'!$A:$H, 2, FALSE) -> 32 | N39: =VLOOKUP(A39, '2013'!$A:$H, 3, FALSE) -> -31 | O39: =N39/C39 -> -1.9375 | P39: =M39/C39 -> 2
A40: Drew Brees | B40: NOR | C40: 16 | D40: 446 | E40: 650 | F40: 68.6 | G40: 5162 | H40: 39 | I40: 12 | J40: 2013 | K40: =E40/C40 -> 40.625 | L40: =G40/C40 -> 322.625 | M40: =VLOOKUP(A40, '2013'!$A:$H, 2, FALSE) -> 35 | N40: =VLOOKUP(A40, '2013'!$A:$H, 3, FALSE) -> 52 | O40: =N40/C40 -> 3.25 | P40: =M40/C40 -> 2.1875
A41: Matthew Stafford | B41: DET | C41: 16 | D41: 371 | E41: 634 | F41: 58.5 | G41: 4650 | H41: 29 | I41: 19 | J41: 2013 | K41: =E41/C41 -> 39.625 | L41: =G41/C41 -> 290.625 | M41: =VLOOKUP(A41, '2013'!$A:$H, 2, FALSE) -> 37 | N41: =VLOOKUP(A41, '2013'!$A:$H, 3, FALSE) -> 69 | O41: =N41/C41 -> 4.3125 | P41: =M41/C41 -> 2.3125
A42: Matt Ryan | B42: ATL | C42: 16 | D42: 439 | E42: 651 | F42: 67.4 | G42: 4515 | H42: 26 | I42: 17 | J42: 2013 | K42: =E42/C42 -> 40.6875 | L42: =G42/C42 -> 282.1875 | M42: =VLOOKUP(A42, '2013'!$A:$H, 2, FALSE) -> 17 | N42: =VLOOKUP(A42, '2013'!$A:$H, 3, FALSE) -> 55 | O42: =N42/C42 -> 3.4375 | P42: =M42/C42 -> 1.0625
A43: Philip Rivers | B43: SDG | C43: 16 | D43: 378 | E43: 544 | F43: 69.5 | G43: 4478 | H43: 32 | I43: 11 | J43: 2013 | K43: =E43/C43 -> 34 | L43: =G43/C43 -> 279.875 | M43: =VLOOKUP(A43, '2013'!$A:$H, 2, FALSE) -> 28 | N43: =VLOOKUP(A43, '2013'!$A:$H, 3, FALSE) -> 72 | O43: =N43/C43 -> 4.5 | P43: =M43/C43 -> 1.75
A44: Tom Brady | B44: NWE | C44: 16 | D44: 380 | E44: 628 | F44: 60.5 | G44: 4343 | H44: 25 | I44: 11 | J44: 2013 | K44: =E44/C44 -> 39.25 | L44: =G44/C44 -> 271.4375 | M44: =VLOOKUP(A44, '2013'!$A:$H, 2, FALSE) -> 32 | N44: =VLOOKUP(A44, '2013'!$A:$H, 3, FALSE) -> 18 | O44: =N44/C44 -> 1.125 | P44: =M44/C44 -> 2
A45: Andy Dalton | B45: CIN | C45: 16 | D45: 363 | E45: 586 | F45: 61.9 | G45: 4293 | H45: 33 | I45: 20 | J45: 2013 | K45: =E45/C45 -> 36.625 | L45: =G45/C45 -> 268.3125 | M45: =VLOOKUP(A45, '2013'!$A:$H, 2, FALSE) -> 61 | N45: =VLOOKUP(A45, '2013'!$A:$H, 3, FALSE) -> 183 | O45: =N45/C45 -> 11.4375 | P45: =M45/C45 -> 3.8125
A46: Carson Palmer | B46: ARI | C46: 16 | D46: 362 | E46: 572 | F46: 63.3 | G46: 4274 | H46: 24 | I46: 22 | J46: 2013 | K46: =E46/C46 -> 35.75 | L46: =G46/C46 -> 267.125 | M46: =VLOOKUP(A46, '2013'!$A:$H, 2, FALSE) -> 27 | N46: =VLOOKUP(A46, '2013'!$A:$H, 3, FALSE) -> 3 | O46: =N46/C46 -> 0.1875 | P46: =M46/C46 -> 1.6875
A47: Ben Roethlisberger | B47: PIT | C47: 16 | D47: 375 | E47: 584 | F47: 64.2 | G47: 4261 | H47: 28 | I47: 14 | J47: 2013 | K47: =E47/C47 -> 36.5 | L47: =G47/C47 -> 266.3125 | M47: =VLOOKUP(A47, '2013'!$A:$H, 2, FALSE) -> 27 | N47: =VLOOKUP(A47, '2013'!$A:$H, 3, FALSE) -> 99 | O47: =N47/C47 -> 6.1875 | P47: =M47/C47 -> 1.6875
A48: Ryan Tannehill | B48: MIA | C48: 16 | D48: 355 | E48: 588 | F48: 60.4 | G48: 3913 | H48: 24 | I48: 17 | J48: 2013 | K48: =E48/C48 -> 36.75 | L48: =G48/C48 -> 244.5625 | M48: =VLOOKUP(A48, '2013'!$A:$H, 2, FALSE) -> 40 | N48: =VLOOKUP(A48, '2013'!$A:$H, 3, FALSE) -> 238 | O48: =N48/C48 -> 14.875 | P48: =M48/C48 -> 2.5
A49: Joe Flacco | B49: BAL | C49: 16 | D49: 362 | E49: 614 | F49: 59 | G49: 3912 | H49: 19 | I49: 22 | J49: 2013 | K49: =E49/C49 -> 38.375 | L49: =G49/C49 -> 244.5 | M49: =VLOOKUP(A49, '2013'!$A:$H, 2, FALSE) -> 27 | N49: =VLOOKUP(A49, '2013'!$A:$H, 3, FALSE) -> 131 | O49: =N49/C49 -> 8.1875 | P49: =M49/C49 -> 1.6875
A50: Tony Romo | B50: DAL | C50: 15 | D50: 342 | E50: 535 | F50: 63.9 | G50: 3828 | H50: 31 | I50: 10 | J50: 2013 | K50: =E50/C50 -> 35.666667 | L50: =G50/C50 -> 255.2 | M50: =VLOOKUP(A50, '2013'!$A:$H, 2, FALSE) -> 20 | N50: =VLOOKUP(A50, '2013'!$A:$H, 3, FALSE) -> 38 | O50: =N50/C50 -> 2.5333333 | P50: =M50/C50 -> 1.3333333
... A88: Brian Hoyer | B88: CLE | C88: 3 | D88: 57 | E88: 96 | F88: 59.4 | G88: 615 | H88: 5 | I88: 3 | J88: 2013 | K88: =E88/C88 -> 32 | L88: =G88/C88 -> 205 | M88: =VLOOKUP(A88, '2013'!$A:$H, 2, FALSE) -> 6 | N88: =VLOOKUP(A88, '2013'!$A:$H, 3, FALSE) -> 16 | O88: =N88/C88 -> 5.3333333 | P88: =M88/C88 -> 2
A89: Drew Brees | B89: NOR | C89: 16 | D89: 456 | E89: 659 | F89: 69.2 | G89: 4952 | H89: 33 | I89: 17 | J89: 2014 | K89: =E89/C89 -> 41.1875 | L89: =G89/C89 -> 309.5 | M89: =VLOOKUP(A89, '2014'!$A:$H, 2, FALSE) -> 27 | N89: =VLOOKUP(A89, '2014'!$A:$H, 3, FALSE) -> 68 | O89: =N89/C89 -> 4.25 | P89: =M89/C89 -> 1.6875
A90: Ben Roethlisberger | B90: PIT | C90: 16 | D90: 408 | E90: 608 | F90: 67.1 | G90: 4952 | H90: 32 | I90: 9 | J90: 2014 | K90: =E90/C90 -> 38 | L90: =G90/C90 -> 309.5 | M90: =VLOOKUP(A90, '2014'!$A:$H, 2, FALSE) -> 33 | N90: =VLOOKUP(A90, '2014'!$A:$H, 3, FALSE) -> 27 | O90: =N90/C90 -> 1.6875 | P90: =M90/C90 -> 2.0625
A91: Andrew Luck | B91: IND | C91: 16 | D91: 380 | E91: 616 | F91: 61.7 | G91: 4761 | H91: 40 | I91: 16 | J91: 2014 | K91: =E91/C91 -> 38.5 | L91: =G91/C91 -> 297.5625 | M91: =VLOOKUP(A91, '2014'!$A:$H, 2, FALSE) -> 64 | N91: =VLOOKUP(A91, '2014'!$A:$H, 3, FALSE) -> 273 | O91: =N91/C91 -> 17.0625 | P91: =M91/C91 -> 4
A92: Peyton Manning | B92: DEN | C92: 16 | D92: 395 | E92: 597 | F92: 66.2 | G92: 4727 | H92: 39 | I92: 15 | J92: 2014 | K92: =E92/C92 -> 37.3125 | L92: =G92/C92 -> 295.4375 | M92: =VLOOKUP(A92, '2014'!$A:$H, 2, FALSE) -> 24 | N92: =VLOOKUP(A92, '2014'!$A:$H, 3, FALSE) -> -24 | O92: =N92/C92 -> -1.5 | P92: =M92/C92 -> 1.5
A93: Matt Ryan | B93: ATL | C93: 16 | D93: 415 | E93: 628 | F93: 66.1 | G93: 4694 | H93: 28 | I93: 14 | J93: 2014 | K93: =E93/C93 -> 39.25 | L93: =G93/C93 -> 293.375 | M93: =VLOOKUP(A93, '2014'!$A:$H, 2, FALSE) -> 29 | N93: =VLOOKUP(A93, '2014'!$A:$H, 3, FALSE) -> 145 | O93: =N93/C93 -> 9.0625 | P93: =M93/C93 -> 1.8125
A94: Eli Manning | B94: NYG | C94: 16 | D94: 379 | E94: 601 | F94: 63.1 | G94: 4410 | H94: 30 | I94: 14 | J94: 2014 | K94: =E94/C94 -> 37.5625 | L94: =G94/C94 -> 275.625 | M94: =VLOOKUP(A94, '2014'!$A:$H, 2, FALSE) -> 12 | N94: =VLOOKUP(A94, '2014'!$A:$H, 3, FALSE) -> 31 | O94: =N94/C94 -> 1.9375 | P94: =M94/C94 -> 0.75
A95: Aaron Rodgers | B95: GNB | C95: 16 | D95: 341 | E95: 520 | F95: 65.6 | G95: 4381 | H95: 38 | I95: 5 | J95: 2014 | K95: =E95/C95 -> 32.5 | L95: =G95/C95 -> 273.8125 | M95: =VLOOKUP(A95, '2014'!$A:$H, 2, FALSE) -> 43 | N95: =VLOOKUP(A95, '2014'!$A:$H, 3, FALSE) -> 269 | O95: =N95/C95 -> 16.8125 | P95: =M95/C95 -> 2.6875
A96: Philip Rivers | B96: SDG | C96: 16 | D96: 379 | E96: 570 | F96: 66.5 | G96: 4286 | H96: 31 | I96: 18 | J96: 2014 | K96: =E96/C96 -> 35.625 | L96: =G96/C96 -> 267.875 | M96: =VLOOKUP(A96, '2014'!$A:$H, 2, FALSE) -> 37 | N96: =VLOOKUP(A96, '2014'!$A:$H, 3, FALSE) -> 102 | O96: =N96/C96 -> 6.375 | P96: =M96/C96 -> 2.3125
A97: Matthew Stafford | B97: DET | C97: 16 | D97: 363 | E97: 602 | F97: 60.3 | G97: 4257 | H97: 22 | I97: 12 | J97: 2014 | K97: =E97/C97 -> 37.625 | L97: =G97/C97 -> 266.0625 | M97: =VLOOKUP(A97, '2014'!$A:$H, 2, FALSE) -> 43 | N97: =VLOOKUP(A97, '2014'!$A:$H, 3, FALSE) -> 93 | O97: =N97/C97 -> 5.8125 | P97: =M97/C97 -> 2.6875
A98: Tom Brady | B98: NWE | C98: 16 | D98: 373 | E98: 582 | F98: 64.1 | G98: 4109 | H98: 33 | I98: 9 | J98: 2014 | K98: =E98/C98 -> 36.375 | L98: =G98/C98 -> 256.8125 | M98: =VLOOKUP(A98, '2014'!$A:$H, 2, FALSE) -> 36 | N98: =VLOOKUP(A98, '2014'!$A:$H, 3, FALSE) -> 57 | O98: =N98/C98 -> 3.5625 | P98: =M98/C98 -> 2.25
A99: Ryan Tannehill | B99: MIA | C99: 16 | D99: 392 | E99: 590 | F99: 66.4 | G99: 4045 | H99: 27 | I99: 12 | J99: 2014 | K99: =E99/C99 -> 36.875 | L99: =G99/C99 -> 252.8125 | M99: =VLOOKUP(A99, '2014'!$A:$H, 2, FALSE) -> 56 | N99: =VLOOKUP(A99, '2014'!$A:$H, 3, FALSE) -> 311 | O99: =N99/C99 -> 19.4375 | P99: =M99/C99 -> 3.5
A100: Joe Flacco | B100: BAL | C100: 16 | D100: 344 | E100: 554 | F100: 62.1 | G100: 3986 | H100: 27 | I100: 12 | J100: 2014 | K100: =E100/C100 -> 34.625 | L100: =G100/C100 -> 249.125 | M100: =VLOOKUP(A100, '2014'!$A:$H, 2, FALSE) -> 39 | N100: =VLOOKUP(A100, '2014'!$A:$H, 3, FALSE) -> 70 | O100: =N100/C100 -> 4.375 | P100: =M100/C100 -> 2.4375
... A131: Michael Vick | B131: NYJ | C131: 3 | D131: 64 | E131: 121 | F131: 52.9 | G131: 604 | H131: 3 | I131: 2 | J131: 2014 | K131: =E131/C131 -> 40.333333 | L131: =G131/C131 -> 201.33333 | M131: =VLOOKUP(A131, '2014'!$A:$H, 2, FALSE) -> 26 | N131: =VLOOKUP(A131, '2014'!$A:$H, 3, FALSE) -> 153 | O131: =N131/C131 -> 51 | P131: =M131/C131 -> 8.6666667
A132: Drew Brees | B132: NOR | C132: 15 | D132: 428 | E132: 627 | F132: 68.3 | G132: 4870 | H132: 32 | I132: 11 | J132: 2015 | K132: =E132/C132 -> 41.8 | L132: =G132/C132 -> 324.66667 | M132: =VLOOKUP(A132, '2015'!$A:$H, 2, FALSE) -> 24 | N132: =VLOOKUP(A132, '2015'!$A:$H, 3, FALSE) -> 14 | O132: =N132/C132 -> 0.93333333 | P132: =M132/C132 -> 1.6
A133: Philip Rivers | B133: SDG | C133: 16 | D133: 437 | E133: 661 | F133: 66.1 | G133: 4792 | H133: 29 | I133: 13 | J133: 2015 | K133: =E133/C133 -> 41.3125 | L133: =G133/C133 -> 299.5 | M133: =VLOOKUP(A133, '2015'!$A:$H, 2, FALSE) -> 17 | N133: =VLOOKUP(A133, '2015'!$A:$H, 3, FALSE) -> 28 | O133: =N133/C133 -> 1.75 | P133: =M133/C133 -> 1.0625
A134: Tom Brady | B134: NWE | C134: 16 | D134: 402 | E134: 624 | F134: 64.4 | G134: 4770 | H134: 36 | I134: 7 | J134: 2015 | K134: =E134/C134 -> 39 | L134: =G134/C134 -> 298.125 | M134: =VLOOKUP(A134, '2015'!$A:$H, 2, FALSE) -> 34 | N134: =VLOOKUP(A134, '2015'!$A:$H, 3, FALSE) -> 53 | O134: =N134/C134 -> 3.3125 | P134: =M134/C134 -> 2.125
A135: Carson Palmer | B135: ARI | C135: 16 | D135: 342 | E135: 537 | F135: 63.7 | G135: 4671 | H135: 35 | I135: 11 | J135: 2015 | K135: =E135/C135 -> 33.5625 | L135: =G135/C135 -> 291.9375 | M135: =VLOOKUP(A135, '2015'!$A:$H, 2, FALSE) -> 25 | N135: =VLOOKUP(A135, '2015'!$A:$H, 3, FALSE) -> 24 | O135: =N135/C135 -> 1.5 | P135: =M135/C135 -> 1.5625
A136: Matt Ryan | B136: ATL | C136: 16 | D136: 407 | E136: 614 | F136: 66.3 | G136: 4591 | H136: 21 | I136: 16 | J136: 2015 | K136: =E136/C136 -> 38.375 | L136: =G136/C136 -> 286.9375 | M136: =VLOOKUP(A136, '2015'!$A:$H, 2, FALSE) -> 36 | N136: =VLOOKUP(A136, '2015'!$A:$H, 3, FALSE) -> 63 | O136: =N136/C136 -> 3.9375 | P136: =M136/C136 -> 2.25
A137: Eli Manning | B137: NYG | C137: 16 | D137: 387 | E137: 618 | F137: 62.6 | G137: 4432 | H137: 35 | I137: 14 | J137: 2015 | K137: =E137/C137 -> 38.625 | L137: =G137/C137 -> 277 | M137: =VLOOKUP(A137, '2015'!$A:$H, 2, FALSE) -> 20 | N137: =VLOOKUP(A137, '2015'!$A:$H, 3, FALSE) -> 61 | O137: =N137/C137 -> 3.8125 | P137: =M137/C137 -> 1.25
A138: Blake Bortles | B138: JAX | C138: 16 | D138: 355 | E138: 606 | F138: 58.6 | G138: 4428 | H138: 35 | I138: 18 | J138: 2015 | K138: =E138/C138 -> 37.875 | L138: =G138/C138 -> 276.75 | M138: =VLOOKUP(A138, '2015'!$A:$H, 2, FALSE) -> 52 | N138: =VLOOKUP(A138, '2015'!$A:$H, 3, FALSE) -> 310 | O138: =N138/C138 -> 19.375 | P138: =M138/C138 -> 3.25
A139: Matthew Stafford | B139: DET | C139: 16 | D139: 398 | E139: 592 | F139: 67.2 | G139: 4262 | H139: 32 | I139: 13 | J139: 2015 | K139: =E139/C139 -> 37 | L139: =G139/C139 -> 266.375 | M139: =VLOOKUP(A139, '2015'!$A:$H, 2, FALSE) -> 44 | N139: =VLOOKUP(A139, '2015'!$A:$H, 3, FALSE) -> 159 | O139: =N139/C139 -> 9.9375 | P139: =M139/C139 -> 2.75
A140: Ryan Tannehill | B140: MIA | C140: 16 | D140: 363 | E140: 586 | F140: 61.9 | G140: 4208 | H140: 24 | I140: 12 | J140: 2015 | K140: =E140/C140 -> 36.625 | L140: =G140/C140 -> 263 | M140: =VLOOKUP(A140, '2015'!$A:$H, 2, FALSE) -> 32 | N140: =VLOOKUP(A140, '2015'!$A:$H, 3, FALSE) -> 141 | O140: =N140/C140 -> 8.8125 | P140: =M140/C140 -> 2
A141: Kirk Cousins | B141: WAS | C141: 16 | D141: 379 | E141: 543 | F141: 69.8 | G141: 4166 | H141: 29 | I141: 11 | J141: 2015 | K141: =E141/C141 -> 33.9375 | L141: =G141/C141 -> 260.375 | M141: =VLOOKUP(A141, '2015'!$A:$H, 2, FALSE) -> 26 | N141: =VLOOKUP(A141, '2015'!$A:$H, 3, FALSE) -> 48 | O141: =N141/C141 -> 3 | P141: =M141/C141 -> 1.625
A142: Jameis Winston | B142: TAM | C142: 16 | D142: 312 | E142: 535 | F142: 58.3 | G142: 4042 | H142: 22 | I142: 15 | J142: 2015 | K142: =E142/C142 -> 33.4375 | L142: =G142/C142 -> 252.625 | M142: =VLOOKUP(A142, '2015'!$A:$H, 2, FALSE) -> 54 | N142: =VLOOKUP(A142, '2015'!$A:$H, 3, FALSE) -> 213 | O142: =N142/C142 -> 13.3125 | P142: =M142/C142 -> 3.375
A143: Russell Wilson | B143: SEA | C143: 16 | D143: 329 | E143: 483 | F143: 68.1 | G143: 4024 | H143: 34 | I143: 8 | J143: 2015 | K143: =E143/C143 -> 30.1875 | L143: =G143/C143 -> 251.5 | M143: =VLOOKUP(A143, '2015'!$A:$H, 2, FALSE) -> 103 | N143: =VLOOKUP(A143, '2015'!$A:$H, 3, FALSE) -> 553 | O143: =N143/C143 -> 34.5625 | P143: =M143/C143 -> 6.4375
... A178: Kellen Moore | B178: DAL | C178: 2 | D178: 61 | E178: 104 | F178: 58.7 | G178: 779 | H178: 4 | I178: 6 | J178: 2015 | K178: =E178/C178 -> 52 | L178: =G178/C178 -> 389.5 | M178: =VLOOKUP(A178, '2015'!$A:$H, 2, FALSE) -> 2 | N178: =VLOOKUP(A178, '2015'!$A:$H, 3, FALSE) -> -1 | O178: =N178/C178 -> -0.5 | P178: =M178/C178 -> 1
A179: Drew Brees | B179: NOR | C179: 16 | D179: 471 | E179: 673 | F179: 70 | G179: 5208 | H179: 37 | I179: 15 | J179: 2016 | K179: =E179/C179 -> 42.0625 | L179: =G179/C179 -> 325.5 | M179: =VLOOKUP(A179, '2016'!$A:$H, 2, FALSE) -> 23 | N179: =VLOOKUP(A179, '2016'!$A:$H, 3, FALSE) -> 20 | O179: =N179/C179 -> 1.25 | P179: =M179/C179 -> 1.4375
A180: Matt Ryan | B180: ATL | C180: 16 | D180: 373 | E180: 534 | F180: 69.9 | G180: 4944 | H180: 38 | I180: 7 | J180: 2016 | K180: =E180/C180 -> 33.375 | L180: =G180/C180 -> 309 | M180: =VLOOKUP(A180, '2016'!$A:$H, 2, FALSE) -> 35 | N180: =VLOOKUP(A180, '2016'!$A:$H, 3, FALSE) -> 117 | O180: =N180/C180 -> 7.3125 | P180: =M180/C180 -> 2.1875
A181: Kirk Cousins | B181: WAS | C181: 16 | D181: 406 | E181: 606 | F181: 67 | G181: 4917 | H181: 25 | I181: 12 | J181: 2016 | K181: =E181/C181 -> 37.875 | L181: =G181/C181 -> 307.3125 | M181: =VLOOKUP(A181, '2016'!$A:$H, 2, FALSE) -> 34 | N181: =VLOOKUP(A181, '2016'!$A:$H, 3, FALSE) -> 96 | O181: =N181/C181 -> 6 | P181: =M181/C181 -> 2.125
A182: Aaron Rodgers | B182: GNB | C182: 16 | D182: 401 | E182: 610 | F182: 65.7 | G182: 4428 | H182: 40 | I182: 7 | J182: 2016 | K182: =E182/C182 -> 38.125 | L182: =G182/C182 -> 276.75 | M182: =VLOOKUP(A182, '2016'!$A:$H, 2, FALSE) -> 67 | N182: =VLOOKUP(A182, '2016'!$A:$H, 3, FALSE) -> 369 | O182: =N182/C182 -> 23.0625 | P182: =M182/C182 -> 4.1875
A183: Philip Rivers | B183: SDG | C183: 16 | D183: 349 | E183: 578 | F183: 60.4 | G183: 4386 | H183: 33 | I183: 21 | J183: 2016 | K183: =E183/C183 -> 36.125 | L183: =G183/C183 -> 274.125 | M183: =VLOOKUP(A183, '2016'!$A:$H, 2, FALSE) -> 14 | N183: =VLOOKUP(A183, '2016'!$A:$H, 3, FALSE) -> 35 | O183: =N183/C183 -> 2.1875 | P183: =M183/C183 -> 0.875
A184: Matthew Stafford | B184: DET | C184: 16 | D184: 388 | E184: 594 | F184: 65.3 | G184: 4327 | H184: 24 | I184: 10 | J184: 2016 | K184: =E184/C184 -> 37.125 | L184: =G184/C184 -> 270.4375 | M184: =VLOOKUP(A184, '2016'!$A:$H, 2, FALSE) -> 37 | N184: =VLOOKUP(A184, '2016'!$A:$H, 3, FALSE) -> 207 | O184: =N184/C184 -> 12.9375 | P184: =M184/C184 -> 2.3125
A185: Joe Flacco | B185: BAL | C185: 16 | D185: 436 | E185: 672 | F185: 64.9 | G185: 4317 | H185: 20 | I185: 15 | J185: 2016 | K185: =E185/C185 -> 42 | L185: =G185/C185 -> 269.8125 | M185: =VLOOKUP(A185, '2016'!$A:$H, 2, FALSE) -> 21 | N185: =VLOOKUP(A185, '2016'!$A:$H, 3, FALSE) -> 58 | O185: =N185/C185 -> 3.625 | P185: =M185/C185 -> 1.3125
A186: Andrew Luck | B186: IND | C186: 15 | D186: 346 | E186: 545 | F186: 63.5 | G186: 4240 | H186: 31 | I186: 13 | J186: 2016 | K186: =E186/C186 -> 36.333333 | L186: =G186/C186 -> 282.66667 | M186: =VLOOKUP(A186, '2016'!$A:$H, 2, FALSE) -> 64 | N186: =VLOOKUP(A186, '2016'!$A:$H, 3, FALSE) -> 341 | O186: =N186/C186 -> 22.733333 | P186: =M186/C186 -> 4.2666667
A187: Carson Palmer | B187: ARI | C187: 15 | D187: 364 | E187: 597 | F187: 61 | G187: 4233 | H187: 26 | I187: 14 | J187: 2016 | K187: =E187/C187 -> 39.8 | L187: =G187/C187 -> 282.2 | M187: =VLOOKUP(A187, '2016'!$A:$H, 2, FALSE) -> 14 | N187: =VLOOKUP(A187, '2016'!$A:$H, 3, FALSE) -> 38 | O187: =N187/C187 -> 2.5333333 | P187: =M187/C187 -> 0.93333333
A188: Russell Wilson | B188: SEA | C188: 16 | D188: 353 | E188: 546 | F188: 64.7 | G188: 4219 | H188: 21 | I188: 11 | J188: 2016 | K188: =E188/C188 -> 34.125 | L188: =G188/C188 -> 263.6875 | M188: =VLOOKUP(A188, '2016'!$A:$H, 2, FALSE) -> 72 | N188: =VLOOKUP(A188, '2016'!$A:$H, 3, FALSE) -> 259 | O188: =N188/C188 -> 16.1875 | P188: =M188/C188 -> 4.5
A189: Andy Dalton | B189: CIN | C189: 16 | D189: 364 | E189: 563 | F189: 64.7 | G189: 4206 | H189: 18 | I189: 8 | J189: 2016 | K189: =E189/C189 -> 35.1875 | L189: =G189/C189 -> 262.875 | M189: =VLOOKUP(A189, '2016'!$A:$H, 2, FALSE) -> 46 | N189: =VLOOKUP(A189, '2016'!$A:$H, 3, FALSE) -> 184 | O189: =N189/C189 -> 11.5 | P189: =M189/C189 -> 2.875
A190: Jameis Winston | B190: TAM | C190: 16 | D190: 345 | E190: 567 | F190: 60.8 | G190: 4090 | H190: 28 | I190: 18 | J190: 2016 | K190: =E190/C190 -> 35.4375 | L190: =G190/C190 -> 255.625 | M190: =VLOOKUP(A190, '2016'!$A:$H, 2, FALSE) -> 53 | N190: =VLOOKUP(A190, '2016'!$A:$H, 3, FALSE) -> 165 | O190: =N190/C190 -> 10.3125 | P190: =M190/C190 -> 3.3125
... A216: Robert Griffin | B216: CLE | C216: 5 | D216: 87 | E216: 147 | F216: 59.2 | G216: 886 | H216: 2 | I216: 3 | J216: 2016 | K216: =E216/C216 -> 29.4 | L216: =G216/C216 -> 177.2 | M216: =VLOOKUP(A216, '2016'!$A:$H, 2, FALSE) -> 31 | N216: =VLOOKUP(A216, '2016'!$A:$H, 3, FALSE) -> 190 | O216: =N216/C216 -> 38 | P216: =M216/C216 -> 6.2
A217: Tom Brady | B217: NWE | C217: 16 | D217: 385 | E217: 581 | F217: 66.3 | G217: 4577 | H217: 32 | I217: 8 | J217: 2017 | K217: =E217/C217 -> 36.3125 | L217: =G217/C217 -> 286.0625 | M217: =VLOOKUP(A217, '2017'!$A:$H, 2, FALSE) -> 25 | N217: =VLOOKUP(A217, '2017'!$A:$H, 3, FALSE) -> 28 | O217: =N217/C217 -> 1.75 | P217: =M217/C217 -> 1.5625
A218: Philip Rivers | B218: LAC | C218: 16 | D218: 360 | E218: 575 | F218: 62.6 | G218: 4515 | H218: 28 | I218: 10 | J218: 2017 | K218: =E218/C218 -> 35.9375 | L218: =G218/C218 -> 282.1875 | M218: =VLOOKUP(A218, '2017'!$A:$H, 2, FALSE) -> 18 | N218: =VLOOKUP(A218, '2017'!$A:$H, 3, FALSE) -> -2 | O218: =N218/C218 -> -0.125 | P218: =M218/C218 -> 1.125
A219: Matthew Stafford | B219: DET | C219: 16 | D219: 371 | E219: 565 | F219: 65.7 | G219: 4446 | H219: 29 | I219: 10 | J219: 2017 | K219: =E219/C219 -> 35.3125 | L219: =G219/C219 -> 277.875 | M219: =VLOOKUP(A219, '2017'!$A:$H, 2, FALSE) -> 29 | N219: =VLOOKUP(A219, '2017'!$A:$H, 3, FALSE) -> 98 | O219: =N219/C219 -> 6.125 | P219: =M219/C219 -> 1.8125
A220: Drew Brees | B220: NOR | C220: 16 | D220: 386 | E220: 536 | F220: 72 | G220: 4334 | H220: 23 | I220: 8 | J220: 2017 | K220: =E220/C220 -> 33.5 | L220: =G220/C220 -> 270.875 | M220: =VLOOKUP(A220, '2017'!$A:$H, 2, FALSE) -> 33 | N220: =VLOOKUP(A220, '2017'!$A:$H, 3, FALSE) -> 12 | O220: =N220/C220 -> 0.75 | P220: =M220/C220 -> 2.0625
A221: Ben Roethlisberger | B221: PIT | C221: 15 | D221: 360 | E221: 561 | F221: 64.2 | G221: 4251 | H221: 28 | I221: 14 | J221: 2017 | K221: =E221/C221 -> 37.4 | L221: =G221/C221 -> 283.4 | M221: =VLOOKUP(A221, '2017'!$A:$H, 2, FALSE) -> 28 | N221: =VLOOKUP(A221, '2017'!$A:$H, 3, FALSE) -> 47 | O221: =N221/C221 -> 3.1333333 | P221: =M221/C221 -> 1.8666667
A222: Matt Ryan | B222: ATL | C222: 16 | D222: 342 | E222: 529 | F222: 64.7 | G222: 4095 | H222: 20 | I222: 12 | J222: 2017 | K222: =E222/C222 -> 33.0625 | L222: =G222/C222 -> 255.9375 | M222: =VLOOKUP(A222, '2017'!$A:$H, 2, FALSE) -> 32 | N222: =VLOOKUP(A222, '2017'!$A:$H, 3, FALSE) -> 143 | O222: =N222/C222 -> 8.9375 | P222: =M222/C222 -> 2
A223: Kirk Cousins | B223: WAS | C223: 16 | D223: 347 | E223: 540 | F223: 64.3 | G223: 4093 | H223: 27 | I223: 13 | J223: 2017 | K223: =E223/C223 -> 33.75 | L223: =G223/C223 -> 255.8125 | M223: =VLOOKUP(A223, '2017'!$A:$H, 2, FALSE) -> 49 | N223: =VLOOKUP(A223, '2017'!$A:$H, 3, FALSE) -> 179 | O223: =N223/C223 -> 11.1875 | P223: =M223/C223 -> 3.0625
A224: Alex Smith | B224: KAN | C224: 15 | D224: 341 | E224: 505 | F224: 67.5 | G224: 4042 | H224: 26 | I224: 5 | J224: 2017 | K224: =E224/C224 -> 33.666667 | L224: =G224/C224 -> 269.46667 | M224: =VLOOKUP(A224, '2017'!$A:$H, 2, FALSE) -> 60 | N224: =VLOOKUP(A224, '2017'!$A:$H, 3, FALSE) -> 355 | O224: =N224/C224 -> 23.666667 | P224: =M224/C224 -> 4
A225: Russell Wilson | B225: SEA | C225: 16 | D225: 339 | E225: 553 | F225: 61.3 | G225: 3983 | H225: 34 | I225: 11 | J225: 2017 | K225: =E225/C225 -> 34.5625 | L225: =G225/C225 -> 248.9375 | M225: =VLOOKUP(A225, '2017'!$A:$H, 2, FALSE) -> 95 | N225: =VLOOKUP(A225, '2017'!$A:$H, 3, FALSE) -> 586 | O225: =N225/C225 -> 36.625 | P225: =M225/C225 -> 5.9375
A226: Jared Goff | B226: LAR | C226: 15 | D226: 296 | E226: 477 | F226: 62.1 | G226: 3804 | H226: 28 | I226: 7 | J226: 2017 | K226: =E226/C226 -> 31.8 | L226: =G226/C226 -> 253.6 | M226: =VLOOKUP(A226, '2017'!$A:$H, 2, FALSE) -> 28 | N226: =VLOOKUP(A226, '2017'!$A:$H, 3, FALSE) -> 51 | O226: =N226/C226 -> 3.4 | P226: =M226/C226 -> 1.8666667
A227: Blake Bortles | B227: JAX | C227: 16 | D227: 315 | E227: 523 | F227: 60.2 | G227: 3687 | H227: 21 | I227: 13 | J227: 2017 | K227: =E227/C227 -> 32.6875 | L227: =G227/C227 -> 230.4375 | M227: =VLOOKUP(A227, '2017'!$A:$H, 2, FALSE) -> 57 | N227: =VLOOKUP(A227, '2017'!$A:$H, 3, FALSE) -> 322 | O227: =N227/C227 -> 20.125 | P227: =M227/C227 -> 3.5625
A228: Case Keenum | B228: MIN | C228: 14 | D228: 325 | E228: 481 | F228: 67.6 | G228: 3547 | H228: 22 | I228: 7 | J228: 2017 | K228: =E228/C228 -> 34.357143 | L228: =G228/C228 -> 253.35714 | M228: =VLOOKUP(A228, '2017'!$A:$H, 2, FALSE) -> 40 | N228: =VLOOKUP(A228, '2017'!$A:$H, 3, FALSE) -> 160 | O228: =N228/C228 -> 11.428571 | P228: =M228/C228 -> 2.8571429
... A258: Matt Moore | B258: MIA | C258: 2 | D258: 78 | E258: 127 | F258: 61.4 | G258: 861 | H258: 4 | I258: 5 | J258: 2017 | K258: =E258/C258 -> 63.5 | L258: =G258/C258 -> 430.5 | M258: =VLOOKUP(A258, '2017'!$A:$H, 2, FALSE) -> 3 | N258: =VLOOKUP(A258, '2017'!$A:$H, 3, FALSE) -> 9 | O258: =N258/C258 -> 4.5 | P258: =M258/C258 -> 1.5
A259: Ben Roethlisberger | B259: PIT | C259: 16 | D259: 452 | E259: 675 | F259: 67 | G259: 5129 | H259: 34 | I259: 16 | J259: 2018 | K259: =E259/C259 -> 42.1875 | L259: =G259/C259 -> 320.5625 | M259: =VLOOKUP(A259, '2018'!$A:$H, 2, FALSE) -> 31 | N259: =VLOOKUP(A259, '2018'!$A:$H, 3, FALSE) -> 98 | O259: =N259/C259 -> 6.125 | P259: =M259/C259 -> 1.9375
A260: Patrick Mahomes | B260: KAN | C260: 16 | D260: 383 | E260: 580 | F260: 66 | G260: 5097 | H260: 50 | I260: 12 | J260: 2018 | K260: =E260/C260 -> 36.25 | L260: =G260/C260 -> 318.5625 | M260: =VLOOKUP(A260, '2018'!$A:$H, 2, FALSE) -> 60 | N260: =VLOOKUP(A260, '2018'!$A:$H, 3, FALSE) -> 272 | O260: =N260/C260 -> 17 | P260: =M260/C260 -> 3.75
A261: Matt Ryan | B261: ATL | C261: 16 | D261: 422 | E261: 608 | F261: 69.4 | G261: 4924 | H261: 35 | I261: 7 | J261: 2018 | K261: =E261/C261 -> 38 | L261: =G261/C261 -> 307.75 | M261: =VLOOKUP(A261, '2018'!$A:$H, 2, FALSE) -> 33 | N261: =VLOOKUP(A261, '2018'!$A:$H, 3, FALSE) -> 125 | O261: =N261/C261 -> 7.8125 | P261: =M261/C261 -> 2.0625
A262: Jared Goff | B262: LAR | C262: 16 | D262: 364 | E262: 561 | F262: 64.9 | G262: 4688 | H262: 32 | I262: 12 | J262: 2018 | K262: =E262/C262 -> 35.0625 | L262: =G262/C262 -> 293 | M262: =VLOOKUP(A262, '2018'!$A:$H, 2, FALSE) -> 43 | N262: =VLOOKUP(A262, '2018'!$A:$H, 3, FALSE) -> 108 | O262: =N262/C262 -> 6.75 | P262: =M262/C262 -> 2.6875
A263: Andrew Luck | B263: IND | C263: 16 | D263: 430 | E263: 639 | F263: 67.3 | G263: 4593 | H263: 39 | I263: 15 | J263: 2018 | K263: =E263/C263 -> 39.9375 | L263: =G263/C263 -> 287.0625 | M263: =VLOOKUP(A263, '2018'!$A:$H, 2, FALSE) -> 46 | N263: =VLOOKUP(A263, '2018'!$A:$H, 3, FALSE) -> 148 | O263: =N263/C263 -> 9.25 | P263: =M263/C263 -> 2.875
A264: Aaron Rodgers | B264: GNB | C264: 16 | D264: 372 | E264: 597 | F264: 62.3 | G264: 4442 | H264: 25 | I264: 2 | J264: 2018 | K264: =E264/C264 -> 37.3125 | L264: =G264/C264 -> 277.625 | M264: =VLOOKUP(A264, '2018'!$A:$H, 2, FALSE) -> 43 | N264: =VLOOKUP(A264, '2018'!$A:$H, 3, FALSE) -> 269 | O264: =N264/C264 -> 16.8125 | P264: =M264/C264 -> 2.6875
A265: Tom Brady | B265: NWE | C265: 16 | D265: 375 | E265: 570 | F265: 65.8 | G265: 4355 | H265: 29 | I265: 11 | J265: 2018 | K265: =E265/C265 -> 35.625 | L265: =G265/C265 -> 272.1875 | M265: =VLOOKUP(A265, '2018'!$A:$H, 2, FALSE) -> 23 | N265: =VLOOKUP(A265, '2018'!$A:$H, 3, FALSE) -> 35 | O265: =N265/C265 -> 2.1875 | P265: =M265/C265 -> 1.4375
A266: Philip Rivers | B266: LAC | C266: 16 | D266: 347 | E266: 508 | F266: 68.3 | G266: 4308 | H266: 32 | I266: 12 | J266: 2018 | K266: =E266/C266 -> 31.75 | L266: =G266/C266 -> 269.25 | M266: =VLOOKUP(A266, '2018'!$A:$H, 2, FALSE) -> 18 | N266: =VLOOKUP(A266, '2018'!$A:$H, 3, FALSE) -> 7 | O266: =N266/C266 -> 0.4375 | P266: =M266/C266 -> 1.125
A267: Eli Manning | B267: NYG | C267: 16 | D267: 380 | E267: 576 | F267: 66 | G267: 4299 | H267: 21 | I267: 11 | J267: 2018 | K267: =E267/C267 -> 36 | L267: =G267/C267 -> 268.6875 | M267: =VLOOKUP(A267, '2018'!$A:$H, 2, FALSE) -> 15 | N267: =VLOOKUP(A267, '2018'!$A:$H, 3, FALSE) -> 20 | O267: =N267/C267 -> 1.25 | P267: =M267/C267 -> 0.9375
A268: Kirk Cousins | B268: MIN | C268: 16 | D268: 425 | E268: 606 | F268: 70.1 | G268: 4298 | H268: 30 | I268: 10 | J268: 2018 | K268: =E268/C268 -> 37.875 | L268: =G268/C268 -> 268.625 | M268: =VLOOKUP(A268, '2018'!$A:$H, 2, FALSE) -> 44 | N268: =VLOOKUP(A268, '2018'!$A:$H, 3, FALSE) -> 123 | O268: =N268/C268 -> 7.6875 | P268: =M268/C268 -> 2.75
A269: Deshaun Watson | B269: HOU | C269: 16 | D269: 345 | E269: 505 | F269: 68.3 | G269: 4165 | H269: 26 | I269: 9 | J269: 2018 | K269: =E269/C269 -> 31.5625 | L269: =G269/C269 -> 260.3125 | M269: =VLOOKUP(A269, '2018'!$A:$H, 2, FALSE) -> 99 | N269: =VLOOKUP(A269, '2018'!$A:$H, 3, FALSE) -> 551 | O269: =N269/C269 -> 34.4375 | P269: =M269/C269 -> 6.1875
A270: Derek Carr | B270: OAK | C270: 16 | D270: 381 | E270: 553 | F270: 68.9 | G270: 4049 | H270: 19 | I270: 10 | J270: 2018 | K270: =E270/C270 -> 34.5625 | L270: =G270/C270 -> 253.0625 | M270: =VLOOKUP(A270, '2018'!$A:$H, 2, FALSE) -> 24 | N270: =VLOOKUP(A270, '2018'!$A:$H, 3, FALSE) -> 47 | O270: =N270/C270 -> 2.9375 | P270: =M270/C270 -> 1.5
... A303: Tyrod Taylor | B303: CLE | C303: 3 | D303: 42 | E303: 85 | F303: 49.4 | G303: 473 | H303: 2 | I303: 2 | J303: 2018 | K303: =E303/C303 -> 28.333333 | L303: =G303/C303 -> 157.66667 | M303: =VLOOKUP(A303, '2018'!$A:$H, 2, FALSE) -> 16 | N303: =VLOOKUP(A303, '2018'!$A:$H, 3, FALSE) -> 125 | O303: =N303/C303 -> 41.666667 | P303: =M303/C303 -> 5.3333333
A304: Jameis Winston | B304: TAM | C304: 16 | D304: 380 | E304: 626 | F304: 60.7 | G304: 5109 | H304: 33 | I304: 30 | J304: 2019 | K304: =E304/C304 -> 39.125 | L304: =G304/C304 -> 319.3125 | M304: =VLOOKUP(A304, '2019'!$A:$H, 2, FALSE) -> 59 | N304: =VLOOKUP(A304, '2019'!$A:$H, 3, FALSE) -> 250 | O304: =N304/C304 -> 15.625 | P304: =M304/C304 -> 3.6875
A305: Dak Prescott | B305: DAL | C305: 16 | D305: 388 | E305: 596 | F305: 65.1 | G305: 4902 | H305: 30 | I305: 11 | J305: 2019 | K305: =E305/C305 -> 37.25 | L305: =G305/C305 -> 306.375 | M305: =VLOOKUP(A305, '2019'!$A:$H, 2, FALSE) -> 52 | N305: =VLOOKUP(A305, '2019'!$A:$H, 3, FALSE) -> 277 | O305: =N305/C305 -> 17.3125 | P305: =M305/C305 -> 3.25
A306: Jared Goff | B306: LAR | C306: 16 | D306: 394 | E306: 626 | F306: 62.9 | G306: 4638 | H306: 22 | I306: 16 | J306: 2019 | K306: =E306/C306 -> 39.125 | L306: =G306/C306 -> 289.875 | M306: =VLOOKUP(A306, '2019'!$A:$H, 2, FALSE) -> 33 | N306: =VLOOKUP(A306, '2019'!$A:$H, 3, FALSE) -> 40 | O306: =N306/C306 -> 2.5 | P306: =M306/C306 -> 2.0625
A307: Philip Rivers | B307: LAC | C307: 16 | D307: 390 | E307: 591 | F307: 66 | G307: 4615 | H307: 23 | I307: 20 | J307: 2019 | K307: =E307/C307 -> 36.9375 | L307: =G307/C307 -> 288.4375 | M307: =VLOOKUP(A307, '2019'!$A:$H, 2, FALSE) -> 12 | N307: =VLOOKUP(A307, '2019'!$A:$H, 3, FALSE) -> 29 | O307: =N307/C307 -> 1.8125 | P307: =M307/C307 -> 0.75
A308: Matt Ryan | B308: ATL | C308: 15 | D308: 408 | E308: 616 | F308: 66.2 | G308: 4466 | H308: 26 | I308: 14 | J308: 2019 | K308: =E308/C308 -> 41.066667 | L308: =G308/C308 -> 297.73333 | M308: =VLOOKUP(A308, '2019'!$A:$H, 2, FALSE) -> 34 | N308: =VLOOKUP(A308, '2019'!$A:$H, 3, FALSE) -> 147 | O308: =N308/C308 -> 9.8 | P308: =M308/C308 -> 2.2666667
A309: Russell Wilson | B309: SEA | C309: 16 | D309: 341 | E309: 516 | F309: 66.1 | G309: 4110 | H309: 31 | I309: 5 | J309: 2019 | K309: =E309/C309 -> 32.25 | L309: =G309/C309 -> 256.875 | M309: =VLOOKUP(A309, '2019'!$A:$H, 2, FALSE) -> 75 | N309: =VLOOKUP(A309, '2019'!$A:$H, 3, FALSE) -> 342 | O309: =N309/C309 -> 21.375 | P309: =M309/C309 -> 4.6875
A310: Tom Brady | B310: NWE | C310: 16 | D310: 373 | E310: 613 | F310: 60.8 | G310: 4057 | H310: 24 | I310: 8 | J310: 2019 | K310: =E310/C310 -> 38.3125 | L310: =G310/C310 -> 253.5625 | M310: =VLOOKUP(A310, '2019'!$A:$H, 2, FALSE) -> 26 | N310: =VLOOKUP(A310, '2019'!$A:$H, 3, FALSE) -> 34 | O310: =N310/C310 -> 2.125 | P310: =M310/C310 -> 1.625
A311: Derek Carr | B311: OAK | C311: 16 | D311: 361 | E311: 513 | F311: 70.4 | G311: 4054 | H311: 21 | I311: 8 | J311: 2019 | K311: =E311/C311 -> 32.0625 | L311: =G311/C311 -> 253.375 | M311: =VLOOKUP(A311, '2019'!$A:$H, 2, FALSE) -> 27 | N311: =VLOOKUP(A311, '2019'!$A:$H, 3, FALSE) -> 82 | O311: =N311/C311 -> 5.125 | P311: =M311/C311 -> 1.6875
...

Sheet 2024
A1: Player | B1: Att | C1: Yds | D1: TD
A2: Saquon Barkley | B2: 345 | C2: 2005 | D2: 13
A3: Derrick Henry | B3: 325 | C3: 1921 | D3: 16
A4: Kyren Williams | B4: 316 | C4: 1299 | D4: 14
A5: Bijan Robinson | B5: 304 | C5: 1456 | D5: 14
A6: Jonathan Taylor | B6: 303 | C6: 1431 | D6: 11
A7: Josh Jacobs | B7: 301 | C7: 1329 | D7: 15
A8: Najee Harris | B8: 263 | C8: 1043 | D8: 6
A9: Tony Pollard | B9: 260 | C9: 1079 | D9: 5
A10: Aaron Jones | B10: 255 | C10: 1138 | D10: 5
A11: D'Andre Swift | B11: 253 | C11: 959 | D11: 6
A12: Jahmyr Gibbs | B12: 250 | C12: 1412 | D12: 16
A13: Chuba Hubbard | B13: 250 | C13: 1195 | D13: 10
... A26: Tyrone Tracy Jr. | B26: 192 | C26: 839 | D26: 5
A27: Rushing
A28: Player | B28: Att | C28: Yds | D28: TD
A29: Brian Robinson Jr. | B29: 187 | C29: 799 | D29: 8
A30: David Montgomery | B30: 185 | C30: 775 | D30: 12
A31: Tank Bigsby | B31: 168 | C31: 766 | D31: 7
A32: Jordan Mason | B32: 153 | C32: 789 | D32: 3
A33: Kenneth Walker III | B33: 153 | C33: 573 | D33: 7
A34: Travis Etienne | B34: 150 | C34: 558 | D34: 2
A35: Jalen Hurts | B35: 150 | C35: 630 | D35: 14
A36: Jayden Daniels | B36: 148 | C36: 891 | D36: 6
A37: Rachaad White | B37: 144 | C37: 613 | D37: 3
A38: Lamar Jackson | B38: 139 | C38: 915 | D38: 4
A39: Javonte Williams | B39: 139 | C39: 513 | D39: 4
A40: Tyler Allgeier | B40: 137 | C40: 644 | D40: 3
... A53: Josh Allen | B53: 102 | C53: 531 | D53: 12
A54: Rushing
A55: Player | B55: Att | C55: Yds | D55: TD
A56: Nick Chubb | B56: 102 | C56: 332 | D56: 3
A57: Gus Edwards | B57: 101 | C57: 365 | D57: 4
A58: Braelon Allen | B58: 92 | C58: 334 | D58: 2
A59: Bo Nix | B59: 92 | C59: 430 | D59: 4
A60: Anthony Richardson | B60: 86 | C60: 499 | D60: 6
A61: Raheem Mostert | B61: 85 | C61: 278 | D61: 2
A62: Isaac Guerendo | B62: 84 | C62: 420 | D62: 4
A63: Tyjae Spears | B63: 84 | C63: 312 | D63: 4
A64: Isiah Pacheco | B64: 83 | C64: 310 | D64: 1
A65: Caleb Williams | B65: 81 | C65: 489 | D65: 0
A66: Kyler Murray | B66: 78 | C66: 572 | D66: 5
A67: Austin Ekeler | B67: 77 | C67: 367 | D67: 4
... A80: Trey Benson | B80: 63 | C80: 291 | D80: 1
A81: Rushing
A82: Player | B82: Att | C82: Yds | D82: TD
A83: Justin Fields | B83: 62 | C83: 289 | D83: 5
A84: Baker Mayfield | B84: 60 | C84: 378 | D84: 3
A85: Blake Corum | B85: 58 | C85: 207 | D85: 0
A86: Patrick Mahomes | B86: 58 | C86: 307 | D86: 2
A87: Ty Chandler | B87: 56 | C87: 182 | D87: 0
A88: Trey Sermon | B88: 56 | C88: 159 | D88: 2
A89: Carson Steele | B89: 56 | C89: 183 | D89: 0
A90: Roschon Johnson | B90: 55 | C90: 150 | D90: 6
A91: Jeremy McNichols | B91: 55 | C91: 261 | D91: 4
A92: Miles Sanders | B92: 55 | C92: 205 | D92: 2
A93: Drake Maye | B93: 54 | C93: 421 | D93: 2
A94: Geno Smith | B94: 53 | C94: 272 | D94: 2
... A107: Dameon Pierce | B107: 40 | C107: 293 | D107: 2
A108: Rushing
A109: Player | B109: Att | C109: Yds | D109: TD
A110: Taysom Hill | B110: 39 | C110: 278 | D110: 6
A111: Sincere McCormick | B111: 39 | C111: 183 | D111: 0
A112: Kendre Miller | B112: 39 | C112: 148 | D112: 1
A113: Patrick Taylor | B113: 39 | C113: 183 | D113: 1
A114: Chris Brooks | B114: 36 | C114: 183 | D114: 1
A115: Khalil Herbert | B115: 36 | C115: 130 | D115: 1
A116: Khalil Herbert | B116: 8 | C116: 16 | D116: 1
A117: Khalil Herbert | B117: 28 | C117: 114 | D117: 0
A118: Michael Carter | B118: 35 | C118: 131 | D118: 1
A119: Jared Goff | B119: 35 | C119: 56 | D119: 0
A120: Chris Rodriguez | B120: 35 | C120: 173 | D120: 2
A121: Hassan Haskins | B121: 34 | C121: 89 | D121: 2
... A134: Trevor Lawrence | B134: 26 | C134: 119 | D134: 3
A135: Rushing
A136: Player | B136: Att | C136: Yds | D136: TD
A137: Cooper Rush | B137: 26 | C137: 18 | D137: 0
A138: Pierre Strong | B138: 26 | C138: 108 | D138: 0
A139: Jordan Love | B139: 25 | C139: 83 | D139: 1
A140: Mason Rudolph | B140: 25 | C140: 106 | D140: 1
A141: Jameis Winston | B141: 25 | C141: 83 | D141: 1
A142: Emari Demercado | B142: 24 | C142: 223 | D142: 1
A143: Kirk Cousins | B143: 23 | C143: 0 | D143: 0
A144: Julius Chestnut | B144: 22 | C144: 102 | D144: 0
A145: Ronnie Rivers | B145: 22 | C145: 99 | D145: 0
A146: Aaron Rodgers | B146: 22 | C146: 107 | D146: 0
A147: Aidan O'Connell | B147: 21 | C147: 30 | D147: 1
A148: Dorian Thompson-Robinson | B148: 21 | C148: 122 | D148: 0
... A161: Mitchell Trubisky | B161: 17 | C161: 1 | D161: 0
A162: Rushing
A163: Player | B163: Att | C163: Yds | D163: TD
A164: Deuce Vaughn | B164: 17 | C164: 70 | D164: 0
A165: KaVontae Turpin | B165: 16 | C165: 92 | D165: 0
A166: Jeff Wilson | B166: 16 | C166: 57 | D166: 0
A167: Raheem Blackshear | B167: 15 | C167: 80 | D167: 0
A168: Jacoby Brissett | B168: 15 | C168: 62 | D168: 0
A169: Keaton Mitchell | B169: 15 | C169: 30 | D169: 0
A170: Eric Gray | B170: 14 | C170: 31 | D170: 0
A171: CeeDee Lamb | B171: 14 | C171: 70 | D171: 0
A172: D.J. Moore | B172: 14 | C172: 75 | D172: 0
...

Sheet 2023
A1: Player | B1: Att | C1: Yds | D1: TD
A2: Derrick Henry | B2: 280 | C2: 1167 | D2: 12
A3: Christian McCaffrey | B3: 272 | C3: 1459 | D3: 14
A4: Rachaad White | B4: 272 | C4: 990 | D4: 6
A5: Travis Etienne | B5: 267 | C5: 1008 | D5: 11
A6: Joe Mixon | B6: 257 | C6: 1034 | D6: 9
A7: Najee Harris | B7: 255 | C7: 1035 | D7: 8
A8: Tony Pollard | B8: 252 | C8: 1005 | D8: 6
A9: Saquon Barkley | B9: 247 | C9: 962 | D9: 6
A10: Chuba Hubbard | B10: 238 | C10: 902 | D10: 5
A11: James Cook | B11: 237 | C11: 1122 | D11: 2
A12: Josh Jacobs | B12: 233 | C12: 805 | D12: 6
A13: D'Andre Swift | B13: 229 | C13: 1049 | D13: 5
... A26: Tyler Allgeier | B26: 186 | C26: 683 | D26: 4
A27: Rushing
A28: Player | B28: Att | C28: Yds | D28: TD
A29: Ezekiel Elliott | B29: 184 | C29: 642 | D29: 3
A30: Zack Moss | B30: 183 | C30: 794 | D30: 5
A31: Jahmyr Gibbs | B31: 182 | C31: 945 | D31: 10
A32: Alvin Kamara | B32: 180 | C32: 694 | D32: 5
A33: Alexander Mattison | B33: 180 | C33: 700 | D33: 0
A34: Austin Ekeler | B34: 179 | C34: 628 | D34: 5
A35: AJ Dillon | B35: 178 | C35: 613 | D35: 2
A36: Brian Robinson Jr. | B36: 178 | C36: 733 | D36: 5
A37: Jonathan Taylor | B37: 169 | C37: 741 | D37: 7
A38: Jalen Hurts | B38: 157 | C38: 605 | D38: 15
A39: Rhamondre Stevenson | B39: 156 | C39: 619 | D39: 4
A40: Jaylen Warren | B40: 149 | C40: 784 | D40: 4
... A53: Zamir White | B53: 104 | C53: 451 | D53: 1
A54: Rushing
A55: Player | B55: Att | C55: Yds | D55: TD
A56: De'Von Achane | B56: 103 | C56: 800 | D56: 8
A57: Ty Chandler | B57: 102 | C57: 461 | D57: 3
A58: Tyjae Spears | B58: 100 | C58: 453 | D58: 2
A59: Rico Dowdle | B59: 89 | C59: 361 | D59: 2
A60: Kenneth Gainwell | B60: 84 | C60: 364 | D60: 2
A61: Justice Hill | B61: 84 | C61: 387 | D61: 3
A62: Taysom Hill | B62: 81 | C62: 401 | D62: 4
A63: Roschon Johnson | B63: 81 | C63: 352 | D63: 2
A64: Russell Wilson | B64: 80 | C64: 341 | D64: 3
A65: Latavius Murray | B65: 79 | C65: 300 | D65: 4
A66: Royce Freeman | B66: 77 | C66: 319 | D66: 2
A67: Joshua Dobbs | B67: 77 | C67: 421 | D67: 6
... A80: Cam Akers | B80: 22 | C80: 29 | D80: 1
A81: Rushing
A82: Player | B82: Att | C82: Yds | D82: TD
A83: Cam Akers | B83: 38 | C83: 138 | D83: 1
A84: Emari Demercado | B84: 58 | C84: 284 | D84: 2
A85: Matt Breida | B85: 55 | C85: 151 | D85: 1
A86: Dak Prescott | B86: 55 | C86: 242 | D86: 2
A87: Samaje Perine | B87: 53 | C87: 238 | D87: 1
A88: Desmond Ridder | B88: 53 | C88: 193 | D88: 5
A89: Justin Herbert | B89: 52 | C89: 228 | D89: 3
A90: Chris Rodriguez | B90: 51 | C90: 247 | D90: 2
A91: Tank Bigsby | B91: 50 | C91: 132 | D91: 2
A92: Jordan Love | B92: 50 | C92: 247 | D92: 4
A93: Cordarrelle Patterson | B93: 50 | C93: 181 | D93: 0
A94: Chase Edmonds | B94: 49 | C94: 176 | D94: 0
... A107: Brock Purdy | B107: 39 | C107: 144 | D107: 2
A108: Rushing
A109: Player | B109: Att | C109: Yds | D109: TD
A110: C.J. Stroud | B110: 39 | C110: 167 | D110: 3
A111: Bryce Young | B111: 39 | C111: 253 | D111: 0
A112: Tyrod Taylor | B112: 38 | C112: 197 | D112: 0
A113: Deebo Samuel | B113: 37 | C113: 225 | D113: 5
A114: Geno Smith | B114: 37 | C114: 155 | D114: 1
A115: Isaiah Spiller | B115: 37 | C115: 96 | D115: 0
A116: Tommy DeVito | B116: 36 | C116: 195 | D116: 1
A117: Zach Wilson | B117: 36 | C117: 211 | D117: 0
A118: Keaontay Ingram | B118: 35 | C118: 74 | D118: 0
A119: Trey Sermon | B119: 35 | C119: 160 | D119: 0
A120: Tua Tagovailoa | B120: 35 | C120: 74 | D120: 0
A121: Gardner Minshew | B121: 34 | C121: 100 | D121: 3
... A134: Nick Chubb | B134: 28 | C134: 170 | D134: 0
A135: Rushing
A136: Player | B136: Att | C136: Yds | D136: TD
A137: Rondale Moore | B137: 28 | C137: 178 | D137: 1
A138: Jake Browning | B138: 27 | C138: 127 | D138: 3
A139: Easton Stick | B139: 27 | C139: 144 | D139: 1
A140: Melvin Gordon | B140: 26 | C140: 81 | D140: 1
A141: Mac Jones | B141: 26 | C141: 96 | D141: 0
A142: Deshaun Watson | B142: 26 | C142: 142 | D142: 1
A143: Tony Jones | B143: 26 | C143: 95 | D143: 2
A144: Tony Jones | B144: 21 | C144: 70 | D144: 2
A145: Tony Jones | B145: 5 | C145: 25 | D145: 0
A146: Will Levis | B146: 25 | C146: 57 | D146: 1
A147: Anthony Richardson | B147: 25 | C147: 136 | D147: 4
A148: Ke'Shawn Vaughn | B148: 24 | C148: 42 | D148: 0
... A161: Eric Gray | B161: 17 | C161: 48 | D161: 0
A162: Rushing
A163: Player | B163: Att | C163: Yds | D163: TD
A164: Aidan O'Connell | B164: 17 | C164: 11 | D164: 1
A165: Ryan Tannehill | B165: 17 | C165: 74 | D165: 1
A166: Carson Wentz | B166: 17 | C166: 56 | D166: 1
A167: Bailey Zappe | B167: 17 | C167: 83 | D167: 1
A168: Kevin Harris | B168: 16 | C168: 65 | D168: 1
A169: Mitchell Trubisky | B169: 16 | C169: 54 | D169: 2
A170: Ameer Abdullah | B170: 15 | C170: 89 | D170: 0
A171: Taylor Heinicke | B171: 15 | C171: 124 | D171: 1
A172: Tyler Huntley | B172: 15 | C172: 55 | D172: 0
...

Sheet 2022
A1: Rushing
A2: Player | B2: Att | C2: Yds | D2: TD
A3: Derrick Henry | B3: 349 | C3: 1538 | D3: 13
A4: Josh Jacobs | B4: 340 | C4: 1653 | D4: 12
A5: Nick Chubb | B5: 302 | C5: 1525 | D5: 12
A6: Saquon Barkley | B6: 295 | C6: 1312 | D6: 10
A7: Najee Harris | B7: 272 | C7: 1034 | D7: 7
A8: Dalvin Cook | B8: 264 | C8: 1173 | D8: 8
A9: Jamaal Williams | B9: 262 | C9: 1066 | D9: 17
A10: Miles Sanders | B10: 259 | C10: 1269 | D10: 11
A11: Christian McCaffrey | B11: 244 | C11: 1139 | D11: 8
A12: Christian McCaffrey | B12: 85 | C12: 393 | D12: 2
A13: Christian McCaffrey | B13: 159 | C13: 746 | D13: 6
A14: Ezekiel Elliott | B14: 231 | C14: 876 | D14: 12
... A27: Tony Pollard | B27: 193 | C27: 1007 | D27: 9
A28: Rushing
A29: Player | B29: Att | C29: Yds | D29: TD
A30: Jonathan Taylor | B30: 192 | C30: 861 | D30: 4
A31: Leonard Fournette | B31: 189 | C31: 668 | D31: 3
A32: Cam Akers | B32: 188 | C32: 786 | D32: 7
A33: AJ Dillon | B33: 186 | C33: 770 | D33: 7
A34: James Conner | B34: 183 | C34: 782 | D34: 7
A35: Raheem Mostert | B35: 181 | C35: 891 | D35: 3
A36: Devin Singletary | B36: 177 | C36: 819 | D36: 5
A37: Jeff Wilson | B37: 176 | C37: 860 | D37: 5
A38: Jeff Wilson | B38: 92 | C38: 468 | D38: 2
A39: Jeff Wilson | B39: 84 | C39: 392 | D39: 3
A40: Latavius Murray | B40: 171 | C40: 760 | D40: 6
A41: Latavius Murray | B41: 11 | C41: 57 | D41: 1
... A54: Lamar Jackson | B54: 112 | C54: 764 | D54: 3
A55: Rushing
A56: Player | B56: Att | C56: Yds | D56: TD
A57: James Robinson | B57: 110 | C57: 425 | D57: 3
A58: James Robinson | B58: 81 | C58: 340 | D58: 3
A59: James Robinson | B59: 29 | C59: 85 | D59: 0
A60: Kenyan Drake | B60: 109 | C60: 482 | D60: 4
A61: Damien Harris | B61: 106 | C61: 462 | D61: 3
A62: D'Andre Swift | B62: 99 | C62: 542 | D62: 5
A63: Taysom Hill | B63: 96 | C63: 575 | D63: 7
A64: Chuba Hubbard | B64: 95 | C64: 466 | D64: 2
A65: Samaje Perine | B65: 95 | C65: 394 | D65: 2
A66: Zack Moss | B66: 93 | C66: 456 | D66: 1
A67: Zack Moss | B67: 17 | C67: 91 | D67: 0
A68: Zack Moss | B68: 76 | C68: 365 | D68: 1
... A81: Caleb Huntley | B81: 76 | C81: 366 | D81: 1
A82: Rushing
A83: Player | B83: Att | C83: Yds | D83: TD
A84: Joe Burrow | B84: 75 | C84: 257 | D84: 5
A85: Alexander Mattison | B85: 74 | C85: 283 | D85: 5
A86: Jerick McKinnon | B86: 72 | C86: 291 | D86: 1
A87: Clyde Edwards-Helaire | B87: 71 | C87: 302 | D87: 3
A88: Darrell Henderson | B88: 70 | C88: 283 | D88: 3
A89: Joshua Kelley | B89: 69 | C89: 287 | D89: 2
A90: Deon Jackson | B90: 68 | C90: 236 | D90: 1
A91: Geno Smith | B91: 68 | C91: 366 | D91: 1
A92: Chase Edmonds | B92: 68 | C92: 245 | D92: 2
A93: Chase Edmonds | B93: 42 | C93: 120 | D93: 2
A94: Chase Edmonds | B94: 26 | C94: 125 | D94: 0
A95: Kyler Murray | B95: 67 | C95: 418 | D95: 3
... A108: Mac Jones | B108: 47 | C108: 102 | D108: 1
A109: Rushing
A110: Player | B110: Att | C110: Yds | D110: TD
A111: Javonte Williams | B111: 47 | C111: 204 | D111: 0
A112: Jamycal Hasty | B112: 46 | C112: 194 | D112: 2
A113: Elijah Mitchell | B113: 45 | C113: 279 | D113: 2
A114: Dak Prescott | B114: 45 | C114: 182 | D114: 1
A115: Tyler Huntley | B115: 43 | C115: 137 | D115: 1
A116: Jordan Mason | B116: 43 | C116: 258 | D116: 1
A117: Justin Jackson | B117: 42 | C117: 170 | D117: 1
A118: Dare Ogunbowale | B118: 42 | C118: 123 | D118: 1
A119: Deebo Samuel | B119: 42 | C119: 232 | D119: 3
A120: Royce Freeman | B120: 41 | C120: 117 | D120: 0
A121: Malik Davis | B121: 38 | C121: 161 | D121: 1
A122: Curtis Samuel | B122: 38 | C122: 187 | D122: 1
... A135: Baker Mayfield | B135: 16 | C135: 52 | D135: 1
A136: Rushing
A137: Player | B137: Att | C137: Yds | D137: TD
A138: Baker Mayfield | B138: 15 | C138: 37 | D138: 0
A139: Andy Dalton | B139: 30 | C139: 54 | D139: 0
A140: Ty Johnson | B140: 30 | C140: 160 | D140: 1
A141: Tom Brady | B141: 29 | C141: -1 | D141: 1
A142: Jared Goff | B142: 29 | C142: 73 | D142: 0
A143: Taylor Heinicke | B143: 28 | C143: 96 | D143: 1
A144: Zach Wilson | B144: 28 | C144: 102 | D144: 1
A145: Keaontay Ingram | B145: 27 | C145: 60 | D145: 1
A146: Matt Ryan | B146: 27 | C146: 70 | D146: 1
A147: Malik Willis | B147: 27 | C147: 123 | D147: 1
A148: Rex Burkhead | B148: 26 | C148: 80 | D148: 0
A149: Sam Darnold | B149: 26 | C149: 106 | D149: 2
... A162: J.D. McKissic | B162: 22 | C162: 95 | D162: 0
A163: Rushing
A164: Player | B164: Att | C164: Yds | D164: TD
A165: Brock Purdy | B165: 22 | C165: 13 | D165: 1
A166: Carson Wentz | B166: 22 | C166: 86 | D166: 1
A167: Avery Williams | B167: 22 | C167: 109 | D167: 1
A168: Darrel Williams | B168: 21 | C168: 102 | D168: 1
A169: Jeff Driskel | B169: 20 | C169: 75 | D169: 0
A170: Benny Snell Jr. | B170: 20 | C170: 90 | D170: 1
A171: Travis Homer | B171: 19 | C171: 74 | D171: 0
A172: Bryce Perkins | B172: 19 | C172: 90 | D172: 0
...

Sheet 2021
A1: Player | B1: Att | C1: Yds | D1: TD
A2: Jonathan Taylor | B2: 332 | C2: 1811 | D2: 18
A3: Najee Harris | B3: 307 | C3: 1200 | D3: 7
A4: Joe Mixon | B4: 292 | C4: 1205 | D4: 13
A5: Antonio Gibson | B5: 258 | C5: 1037 | D5: 7
A6: Dalvin Cook | B6: 249 | C6: 1159 | D6: 6
A7: Alvin Kamara | B7: 240 | C7: 898 | D7: 4
A8: Ezekiel Elliott | B8: 237 | C8: 1002 | D8: 10
A9: Nick Chubb | B9: 228 | C9: 1259 | D9: 8
A10: David Montgomery | B10: 225 | C10: 849 | D10: 7
A11: Derrick Henry | B11: 219 | C11: 937 | D11: 10
A12: Josh Jacobs | B12: 217 | C12: 872 | D12: 9
A13: Sony Michel | B13: 208 | C13: 845 | D13: 4
... A26: James Robinson | B26: 164 | C26: 767 | D26: 8
A27: Rushing
A28: Player | B28: Att | C28: Yds | D28: TD
A29: Saquon Barkley | B29: 162 | C29: 593 | D29: 2
A30: Mark Ingram | B30: 160 | C30: 554 | D30: 2
A31: Mark Ingram | B31: 92 | C31: 294 | D31: 1
A32: Mark Ingram | B32: 68 | C32: 260 | D32: 1
A33: Cordarrelle Patterson | B33: 153 | C33: 618 | D33: 6
A34: Jamaal Williams | B34: 153 | C34: 601 | D34: 3
A35: D'Andre Swift | B35: 151 | C35: 617 | D35: 5
A36: Darrell Henderson | B36: 149 | C36: 688 | D36: 5
A37: Michael Carter | B37: 147 | C37: 639 | D37: 4
A38: Devontae Booker | B38: 145 | C38: 593 | D38: 2
A39: Darrel Williams | B39: 144 | C39: 558 | D39: 6
A40: Jalen Hurts | B40: 139 | C40: 784 | D40: 10
... A53: Rashaad Penny | B53: 119 | C53: 749 | D53: 6
A54: Rushing
A55: Player | B55: Att | C55: Yds | D55: TD
A56: Chase Edmonds | B56: 116 | C56: 592 | D56: 2
A57: Alex Collins | B57: 108 | C57: 411 | D57: 2
A58: Khalil Herbert | B58: 103 | C58: 433 | D58: 2
A59: Ronald Jones II | B59: 101 | C59: 428 | D59: 4
A60: D'Ernest Johnson | B60: 100 | C60: 534 | D60: 3
A61: Christian McCaffrey | B61: 99 | C61: 442 | D61: 1
A62: Zack Moss | B62: 96 | C62: 345 | D62: 4
A63: Kyler Murray | B63: 88 | C63: 423 | D63: 5
A64: Phillip Lindsay | B64: 88 | C64: 249 | D64: 1
A65: Phillip Lindsay | B65: 50 | C65: 130 | D65: 1
A66: Phillip Lindsay | B66: 38 | C66: 119 | D66: 0
A67: Boston Scott | B67: 87 | C67: 373 | D67: 7
... A80: David Johnson | B80: 67 | C80: 228 | D80: 0
A81: Rushing
A82: Player | B82: Att | C82: Yds | D82: TD
A83: Patrick Mahomes | B83: 66 | C83: 381 | D83: 2
A84: Kenyan Drake | B84: 63 | C84: 254 | D84: 2
A85: Justin Herbert | B85: 63 | C85: 302 | D85: 3
A86: Daniel Jones | B86: 62 | C86: 298 | D86: 2
A87: Ty Johnson | B87: 61 | C87: 238 | D87: 2
A88: Taylor Heinicke | B88: 60 | C88: 313 | D88: 1
A89: Deebo Samuel | B89: 59 | C89: 365 | D89: 8
A90: Carson Wentz | B90: 57 | C90: 215 | D90: 1
A91: Dontrell Hilliard | B91: 56 | C91: 350 | D91: 2
A92: Nyheim Hines | B92: 56 | C92: 276 | D92: 2
A93: Royce Freeman | B93: 56 | C93: 169 | D93: 0
A94: Royce Freeman | B94: 21 | C94: 77 | D94: 0
... A107: Sam Darnold | B107: 48 | C107: 222 | D107: 5
A108: Rushing
A109: Player | B109: Att | C109: Yds | D109: TD
A110: J.D. McKissic | B110: 48 | C110: 212 | D110: 2
A111: Dak Prescott | B111: 48 | C111: 146 | D111: 1
A112: Tyler Huntley | B112: 47 | C112: 294 | D112: 2
A113: Cam Newton | B113: 47 | C113: 230 | D113: 5
A114: Brandon Bolden | B114: 44 | C114: 226 | D114: 1
A115: Mac Jones | B115: 44 | C115: 129 | D115: 0
A116: Dare Ogunbowale | B116: 43 | C116: 137 | D116: 1
A117: Russell Wilson | B117: 43 | C117: 183 | D117: 2
A118: Tua Tagovailoa | B118: 42 | C118: 128 | D118: 3
A119: Jeremy McNichols | B119: 41 | C119: 156 | D119: 0
A120: Trey Sermon | B120: 41 | C120: 167 | D120: 1
A121: Joe Burrow | B121: 40 | C121: 118 | D121: 2
... A134: Larry Rountree | B134: 36 | C134: 87 | D134: 1
A135: Rushing
A136: Player | B136: Att | C136: Yds | D136: TD
A137: Benny Snell Jr. | B137: 36 | C137: 98 | D137: 0
A138: Ke'Shawn Vaughn | B138: 36 | C138: 180 | D138: 2
A139: Ty'Son Williams | B139: 35 | C139: 185 | D139: 1
A140: Eno Benjamin | B140: 34 | C140: 118 | D140: 1
A141: Malcolm Brown | B141: 33 | C141: 125 | D141: 1
A142: Corey Clement | B142: 33 | C142: 140 | D142: 0
A143: DeeJay Dallas | B143: 33 | C143: 138 | D143: 2
A144: Joshua Kelley | B144: 33 | C144: 102 | D144: 0
A145: Aaron Rodgers | B145: 33 | C145: 101 | D145: 3
A146: Matthew Stafford | B146: 32 | C146: 43 | D146: 0
A147: Jameis Winston | B147: 32 | C147: 166 | D147: 1
A148: Teddy Bridgewater | B148: 30 | C148: 106 | D148: 2
... A161: Ben Roethlisberger | B161: 20 | C161: 5 | D161: 1
A162: Rushing
A163: Player | B163: Att | C163: Yds | D163: TD
A164: Jacoby Brissett | B164: 19 | C164: 70 | D164: 1
A165: J.J. Taylor | B165: 19 | C165: 37 | D165: 2
A166: Tyrod Taylor | B166: 19 | C166: 151 | D166: 3
A167: Godwin Igwebuike | B167: 18 | C167: 118 | D167: 1
A168: Davis Mills | B168: 18 | C168: 44 | D168: 0
A169: Rondale Moore | B169: 18 | C169: 76 | D169: 0
A170: Chris Evans | B170: 17 | C170: 77 | D170: 0
A171: Jared Goff | B171: 17 | C171: 87 | D171: 0
A172: Jonathan Williams | B172: 17 | C172: 79 | D172: 1
...

Sheet 2020
A1: Player | B1: Att | C1: Yds | D1: TD
A2: Derrick Henry | B2: 378 | C2: 2027 | D2: 17
A3: Dalvin Cook | B3: 312 | C3: 1557 | D3: 16
A4: Josh Jacobs | B4: 273 | C4: 1065 | D4: 12
A5: David Montgomery | B5: 247 | C5: 1070 | D5: 8
A6: Ezekiel Elliott | B6: 244 | C6: 979 | D6: 6
A7: James Robinson | B7: 240 | C7: 1070 | D7: 7
A8: Kenyan Drake | B8: 239 | C8: 955 | D8: 10
A9: Jonathan Taylor | B9: 232 | C9: 1169 | D9: 11
A10: Melvin Gordon | B10: 215 | C10: 986 | D10: 9
A11: Aaron Jones | B11: 201 | C11: 1104 | D11: 9
A12: Kareem Hunt | B12: 198 | C12: 841 | D12: 6
A13: Todd Gurley | B13: 195 | C13: 678 | D13: 9
... A26: Wayne Gallman | B26: 147 | C26: 682 | D26: 6
A27: Rushing
A28: Player | B28: Att | C28: Yds | D28: TD
A29: David Johnson | B29: 147 | C29: 691 | D29: 6
A30: Latavius Murray | B30: 146 | C30: 656 | D30: 4
A31: Cam Akers | B31: 145 | C31: 625 | D31: 2
A32: Gus Edwards | B32: 144 | C32: 723 | D32: 6
A33: Myles Gaskin | B33: 142 | C33: 584 | D33: 3
A34: Chris Carson | B34: 141 | C34: 681 | D34: 5
A35: Darrell Henderson | B35: 138 | C35: 624 | D35: 5
A36: Damien Harris | B36: 137 | C36: 691 | D36: 2
A37: Cam Newton | B37: 137 | C37: 592 | D37: 12
A38: J.K. Dobbins | B38: 134 | C38: 805 | D38: 9
A39: Kyler Murray | B39: 133 | C39: 819 | D39: 11
A40: Jeff Wilson | B40: 126 | C40: 600 | D40: 7
... A53: Tony Pollard | B53: 101 | C53: 435 | D53: 4
A54: Rushing
A55: Player | B55: Att | C55: Yds | D55: TD
A56: Brian Hill | B56: 100 | C56: 465 | D56: 1
A57: Chase Edmonds | B57: 97 | C57: 448 | D57: 1
A58: Leonard Fournette | B58: 97 | C58: 367 | D58: 6
A59: Alexander Mattison | B59: 96 | C59: 434 | D59: 2
A60: Peyton Barber | B60: 94 | C60: 258 | D60: 4
A61: Devontae Booker | B61: 93 | C61: 423 | D61: 3
A62: Kalen Ballage | B62: 91 | C62: 303 | D62: 3
A63: Kalen Ballage | B63: 3 | C63: 13 | D63: 0
A64: Kalen Ballage | B64: 88 | C64: 290 | D64: 3
A65: Deshaun Watson | B65: 90 | C65: 444 | D65: 3
A66: Nyheim Hines | B66: 89 | C66: 380 | D66: 3
A67: Taysom Hill | B67: 87 | C67: 457 | D67: 8
... A80: Mark Ingram | B80: 72 | C80: 299 | D80: 2
A81: Rushing
A82: Player | B82: Att | C82: Yds | D82: TD
A83: Rex Burkhead | B83: 67 | C83: 274 | D83: 3
A84: Daniel Jones | B84: 65 | C84: 423 | D84: 1
A85: Cordarrelle Patterson | B85: 64 | C85: 232 | D85: 1
A86: La'Mical Perine | B86: 64 | C86: 232 | D86: 2
A87: Jalen Hurts | B87: 63 | C87: 354 | D87: 3
A88: Samaje Perine | B88: 63 | C88: 301 | D88: 3
A89: Ito Smith | B89: 63 | C89: 268 | D89: 1
A90: Patrick Mahomes | B90: 62 | C90: 308 | D90: 2
A91: Matt Breida | B91: 59 | C91: 254 | D91: 0
A92: Justin Jackson | B92: 59 | C92: 270 | D92: 0
A93: Christian McCaffrey | B93: 59 | C93: 225 | D93: 5
A94: Justin Herbert | B94: 55 | C94: 234 | D94: 5
... A107: Drew Lock | B107: 44 | C107: 160 | D107: 3
A108: Rushing
A109: Player | B109: Att | C109: Yds | D109: TD
A110: Ryan Tannehill | B110: 43 | C110: 266 | D110: 7
A111: Curtis Samuel | B111: 41 | C111: 200 | D111: 2
A112: Rodney Smith | B112: 41 | C112: 156 | D112: 1
A113: Derek Carr | B113: 39 | C113: 140 | D113: 3
A114: Jamycal Hasty | B114: 39 | C114: 148 | D114: 1
A115: Darrel Williams | B115: 39 | C115: 169 | D115: 1
A116: Aaron Rodgers | B116: 38 | C116: 149 | D116: 3
A117: Joe Burrow | B117: 37 | C117: 142 | D117: 3
A118: Sam Darnold | B118: 37 | C118: 217 | D118: 2
A119: Tua Tagovailoa | B119: 36 | C119: 109 | D119: 3
A120: Royce Freeman | B120: 35 | C120: 170 | D120: 0
A121: James White | B121: 35 | C121: 121 | D121: 2
... A134: Tom Brady | B134: 30 | C134: 6 | D134: 3
A135: Rushing
A136: Player | B136: Att | C136: Yds | D136: TD
A137: Ryan Fitzpatrick | B137: 30 | C137: 151 | D137: 2
A138: Josh Adams | B138: 29 | C138: 157 | D138: 2
A139: Dion Lewis | B139: 29 | C139: 115 | D139: 2
A140: Gardner Minshew | B140: 29 | C140: 153 | D140: 1
A141: Matt Ryan | B141: 29 | C141: 92 | D141: 2
A142: Matthew Stafford | B142: 29 | C142: 112 | D142: 0
A143: Tevin Coleman | B143: 28 | C143: 53 | D143: 0
A144: Andy Dalton | B144: 28 | C144: 114 | D144: 0
A145: Darwin Thompson | B145: 27 | C145: 97 | D145: 1
A146: Ke'Shawn Vaughn | B146: 26 | C146: 109 | D146: 0
A147: Trayveon Williams | B147: 26 | C147: 157 | D147: 0
A148: Travis Homer | B148: 25 | C148: 88 | D148: 0
... A161: Philip Rivers | B161: 18 | C161: -8 | D161: 0
A162: Rushing
A163: Player | B163: Att | C163: Yds | D163: TD
A164: Laviska Shenault Jr. | B164: 18 | C164: 91 | D164: 0
A165: Jacoby Brissett | B165: 17 | C165: 19 | D165: 3
A166: Kyle Juszczyk | B166: 17 | C166: 64 | D166: 2
A167: Nick Foles | B167: 16 | C167: 1 | D167: 1
A168: Buddy Howell | B168: 16 | C168: 64 | D168: 0
A169: Troymaine Pope | B169: 15 | C169: 76 | D169: 0
A170: Tarik Cohen | B170: 14 | C170: 74 | D170: 0
A171: Darrynton Evans | B171: 14 | C171: 54 | D171: 0
A172: Brandon Allen | B172: 13 | C172: 27 | D172: 0
...

Sheet 2019
A1: Player | B1: Att | C1: Yds | D1: TD
A2: Derrick Henry | B2: 303 | C2: 1540 | D2: 16
A3: Ezekiel Elliott | B3: 301 | C3: 1357 | D3: 12
A4: Nick Chubb | B4: 298 | C4: 1494 | D4: 8
A5: Christian McCaffrey | B5: 287 | C5: 1387 | D5: 15
A6: Chris Carson | B6: 278 | C6: 1230 | D6: 7
A7: Joe Mixon | B7: 278 | C7: 1137 | D7: 5
A8: Leonard Fournette | B8: 265 | C8: 1152 | D8: 3
A9: Dalvin Cook | B9: 250 | C9: 1135 | D9: 13
A10: Marlon Mack | B10: 247 | C10: 1091 | D10: 8
A11: Sony Michel | B11: 247 | C11: 912 | D11: 7
A12: Le'Veon Bell | B12: 245 | C12: 789 | D12: 3
A13: Carlos Hyde | B13: 245 | C13: 1070 | D13: 6
... A26: Alvin Kamara | B26: 171 | C26: 797 | D26: 5
A27: Rushing
A28: Player | B28: Att | C28: Yds | D28: TD
A29: Kenyan Drake | B29: 170 | C29: 817 | D29: 8
A30: Kenyan Drake | B30: 47 | C30: 174 | D30: 0
A31: Kenyan Drake | B31: 123 | C31: 643 | D31: 8
A32: Frank Gore | B32: 166 | C32: 599 | D32: 2
A33: Melvin Gordon | B33: 162 | C33: 612 | D33: 8
A34: Peyton Barber | B34: 154 | C34: 470 | D34: 6
A35: Devin Singletary | B35: 151 | C35: 775 | D35: 2
A36: Latavius Murray | B36: 146 | C36: 637 | D36: 5
A37: Tevin Coleman | B37: 137 | C37: 544 | D37: 6
A38: Raheem Mostert | B38: 137 | C38: 772 | D38: 8
A39: Gus Edwards | B39: 133 | C39: 711 | D39: 2
A40: Austin Ekeler | B40: 132 | C40: 557 | D40: 3
... A53: David Johnson | B53: 94 | C53: 345 | D53: 2
A54: Rushing
A55: Player | B55: Att | C55: Yds | D55: TD
A56: Kyler Murray | B56: 93 | C56: 544 | D56: 4
A57: Bo Scarbrough | B57: 89 | C57: 377 | D57: 1
A58: Tony Pollard | B58: 86 | C58: 455 | D58: 2
A59: Duke Johnson | B59: 83 | C59: 410 | D59: 2
A60: Deshaun Watson | B60: 82 | C60: 413 | D60: 7
A61: Brian Hill | B61: 78 | C61: 323 | D61: 2
A62: Russell Wilson | B62: 75 | C62: 342 | D62: 3
A63: Kalen Ballage | B63: 74 | C63: 135 | D63: 3
A64: Malcolm Brown | B64: 69 | C64: 255 | D64: 5
A65: Gardner Minshew | B65: 67 | C65: 344 | D65: 0
A66: James White | B66: 67 | C66: 263 | D66: 1
A67: Jaylen Samuels | B67: 66 | C67: 175 | D67: 1
... A80: Ryan Fitzpatrick | B80: 54 | C80: 243 | D80: 4
A81: Rushing
A82: Player | B82: Att | C82: Yds | D82: TD
A83: Dion Lewis | B83: 54 | C83: 209 | D83: 0
A84: Giovani Bernard | B84: 53 | C84: 170 | D84: 0
A85: Mark Walton | B85: 53 | C85: 201 | D85: 0
A86: Nyheim Hines | B86: 52 | C86: 199 | D86: 2
A87: Dak Prescott | B87: 52 | C87: 277 | D87: 3
A88: Jordan Wilkins | B88: 51 | C88: 307 | D88: 2
A89: Mike Boone | B89: 49 | C89: 273 | D89: 3
A90: Jonathan Williams | B90: 49 | C90: 235 | D90: 1
A91: Mitchell Trubisky | B91: 48 | C91: 193 | D91: 2
A92: Jimmy Garoppolo | B92: 46 | C92: 62 | D92: 1
A93: Aaron Rodgers | B93: 46 | C93: 183 | D93: 1
A94: Daniel Jones | B94: 45 | C94: 279 | D94: 2
... A107: Matt Ryan | B107: 34 | C107: 147 | D107: 1
A108: Rushing
A109: Player | B109: Att | C109: Yds | D109: TD
A110: Sam Darnold | B110: 33 | C110: 62 | D110: 2
A111: Jared Goff | B111: 33 | C111: 40 | D111: 2
A112: Kyle Allen | B112: 32 | C112: 106 | D112: 2
A113: Andy Dalton | B113: 32 | C113: 73 | D113: 4
A114: Ty Montgomery | B114: 32 | C114: 103 | D114: 0
A115: Kirk Cousins | B115: 31 | C115: 63 | D115: 1
A116: Jon Hilliman | B116: 30 | C116: 91 | D116: 0
A117: Wayne Gallman | B117: 29 | C117: 110 | D117: 2
A118: Justin Jackson | B118: 29 | C118: 200 | D118: 0
A119: Teddy Bridgewater | B119: 28 | C119: 31 | D119: 0
A120: Baker Mayfield | B120: 28 | C120: 141 | D120: 3
A121: Derek Carr | B121: 27 | C121: 82 | D121: 2
... A134: Devlin Hodges | B134: 21 | C134: 68 | D134: 0
A135: Rushing
A136: Player | B136: Att | C136: Yds | D136: TD
A137: Mason Rudolph | B137: 21 | C137: 42 | D137: 0
A138: Robert Griffin III | B138: 20 | C138: 70 | D138: 0
A139: Dwayne Haskins | B139: 20 | C139: 101 | D139: 0
A140: Matthew Stafford | B140: 20 | C140: 66 | D140: 0
A141: Curtis Samuel | B141: 19 | C141: 130 | D141: 1
A142: Travis Homer | B142: 18 | C142: 114 | D142: 0
A143: Drew Lock | B143: 18 | C143: 72 | D143: 0
A144: Tra Carson | B144: 18 | C144: 48 | D144: 0
A145: Tra Carson | B145: 6 | C145: 14 | D145: 0
A146: Tra Carson | B146: 12 | C146: 34 | D146: 0
A147: Cordarrelle Patterson | B147: 17 | C147: 103 | D147: 0
A148: Darren Sproles | B148: 17 | C148: 66 | D148: 0
... A161: Joe Flacco | B161: 12 | C161: 20 | D161: 0
A162: Rushing
A163: Player | B163: Att | C163: Yds | D163: TD
A164: Marshawn Lynch | B164: 12 | C164: 34 | D164: 1
A165: Paul Perkins | B165: 12 | C165: 29 | D165: 0
A166: Philip Rivers | B166: 12 | C166: 29 | D166: 0
A167: Dalyn Dawkins | B167: 11 | C167: 26 | D167: 0
A168: Dare Ogunbowale | B168: 11 | C168: 17 | D168: 2
A169: Jay Ajayi | B169: 10 | C169: 30 | D169: 0
A170: Brandon Allen | B170: 10 | C170: 39 | D170: 0
A171: Javorius Allen | B171: 10 | C171: 36 | D171: 1
A172: Ryan Finley | B172: 10 | C172: 77 | D172: 0
...

Sheet 2018
A1: Player | B1: Att | C1: Yds | D1: TD
A2: Ezekiel Elliott | B2: 304 | C2: 1434 | D2: 6
A3: Saquon Barkley | B3: 261 | C3: 1307 | D3: 11
A4: David Johnson | B4: 258 | C4: 940 | D4: 7
A5: Todd Gurley | B5: 256 | C5: 1251 | D5: 17
A6: Adrian Peterson | B6: 251 | C6: 1042 | D6: 7
A7: Jordan Howard | B7: 250 | C7: 935 | D7: 9
A8: Chris Carson | B8: 247 | C8: 1151 | D8: 9
A9: Joe Mixon | B9: 237 | C9: 1168 | D9: 8
A10: Peyton Barber | B10: 234 | C10: 871 | D10: 5
A11: Christian McCaffrey | B11: 219 | C11: 1098 | D11: 7
A12: James Conner | B12: 215 | C12: 973 | D12: 12
A13: Derrick Henry | B13: 215 | C13: 1059 | D13: 12
... A26: Tevin Coleman | B26: 167 | C26: 800 | D26: 4
A27: Rushing
A28: Player | B28: Att | C28: Yds | D28: TD
A29: LeSean McCoy | B29: 161 | C29: 514 | D29: 3
A30: Frank Gore | B30: 156 | C30: 722 | D30: 0
A31: Dion Lewis | B31: 155 | C31: 517 | D31: 1
A32: LeGarrette Blount | B32: 154 | C32: 418 | D32: 5
A33: Matt Breida | B33: 153 | C33: 814 | D33: 3
A34: Alfred Blue | B34: 150 | C34: 499 | D34: 2
A35: Lamar Jackson | B35: 147 | C35: 695 | D35: 5
A36: Isaiah Crowell | B36: 143 | C36: 685 | D36: 6
A37: Latavius Murray | B37: 140 | C37: 578 | D37: 6
A38: Mark Ingram | B38: 138 | C38: 645 | D38: 6
A39: Gus Edwards | B39: 137 | C39: 718 | D39: 2
A40: Dalvin Cook | B40: 133 | C40: 615 | D40: 2
... A53: T.J. Yeldon | B53: 104 | C53: 414 | D53: 1
A54: Rushing
A55: Player | B55: Att | C55: Yds | D55: TD
A56: Cam Newton | B56: 101 | C56: 488 | D56: 4
A57: Tarik Cohen | B57: 99 | C57: 444 | D57: 3
A58: Deshaun Watson | B58: 99 | C58: 551 | D58: 5
A59: James White | B59: 94 | C59: 425 | D59: 5
A60: Elijah McGuire | B60: 92 | C60: 276 | D60: 3
A61: Marshawn Lynch | B61: 90 | C61: 376 | D61: 3
A62: Ito Smith | B62: 90 | C62: 315 | D62: 4
A63: Josh Allen | B63: 89 | C63: 631 | D63: 8
A64: Wendell Smallwood | B64: 87 | C64: 364 | D64: 3
A65: Nyheim Hines | B65: 85 | C65: 314 | D65: 2
A66: Rashaad Penny | B66: 85 | C66: 419 | D66: 2
A67: Bilal Powell | B67: 80 | C67: 343 | D67: 0
... A80: Jordan Wilkins | B80: 60 | C80: 336 | D80: 1
A81: Rushing
A82: Player | B82: Att | C82: Yds | D82: TD
A83: Blake Bortles | B83: 58 | C83: 365 | D83: 1
A84: Rex Burkhead | B84: 57 | C84: 186 | D84: 0
A85: Giovani Bernard | B85: 56 | C85: 211 | D85: 3
A86: Jaylen Samuels | B86: 56 | C86: 256 | D86: 0
A87: Jalen Richard | B87: 55 | C87: 259 | D87: 1
A88: Zach Zenner | B88: 55 | C88: 265 | D88: 3
A89: Marcus Murphy | B89: 52 | C89: 250 | D89: 0
A90: Wayne Gallman | B90: 51 | C90: 176 | D90: 1
A91: Spencer Ware | B91: 51 | C91: 246 | D91: 2
A92: Justin Jackson | B92: 50 | C92: 206 | D92: 2
A93: Damien Williams | B93: 50 | C93: 256 | D93: 4
A94: Jameis Winston | B94: 49 | C94: 281 | D94: 1
... A107: Ty Montgomery | B107: 41 | C107: 188 | D107: 1
A108: Rushing
A109: Player | B109: Att | C109: Yds | D109: TD
A110: Ty Montgomery | B110: 26 | C110: 105 | D110: 1
A111: Ty Montgomery | B111: 15 | C111: 83 | D111: 0
A112: Duke Johnson | B112: 40 | C112: 201 | D112: 0
A113: Theo Riddick | B113: 40 | C113: 171 | D113: 0
A114: Baker Mayfield | B114: 39 | C114: 131 | D114: 0
A115: Trenton Cannon | B115: 38 | C115: 113 | D115: 1
A116: Taysom Hill | B116: 37 | C116: 196 | D116: 2
A117: Kalen Ballage | B117: 36 | C117: 191 | D117: 1
A118: Ryan Fitzpatrick | B118: 36 | C118: 152 | D118: 2
A119: Devontae Booker | B119: 34 | C119: 183 | D119: 1
A120: Raheem Mostert | B120: 34 | C120: 261 | D120: 1
A121: Carson Wentz | B121: 34 | C121: 93 | D121: 0
... A134: Matthew Stafford | B134: 25 | C134: 71 | D134: 0
A135: Rushing
A136: Player | B136: Att | C136: Yds | D136: TD
A137: Derek Carr | B137: 24 | C137: 47 | D137: 1
A138: Tom Brady | B138: 23 | C138: 35 | D138: 2
A139: Josh Johnson | B139: 23 | C139: 120 | D139: 1
A140: Ronald Jones II | B140: 23 | C140: 44 | D140: 1
A141: Josh Rosen | B141: 23 | C141: 138 | D141: 0
A142: Tyreek Hill | B142: 22 | C142: 151 | D142: 1
A143: Keith Ford | B143: 21 | C143: 79 | D143: 0
A144: Kapri Bibbs | B144: 21 | C144: 103 | D144: 3
A145: Kapri Bibbs | B145: 20 | C145: 101 | D145: 3
A146: Kapri Bibbs | B146: 1 | C146: 2 | D146: 0
A147: Brian Hill | B147: 20 | C147: 157 | D147: 0
A148: Cameron Artis-Payne | B148: 19 | C148: 69 | D148: 1
... A161: Eli Manning | B161: 15 | C161: 20 | D161: 1
A162: Rushing
A163: Player | B163: Att | C163: Yds | D163: TD
A164: Devonta Freeman | B164: 14 | C164: 68 | D164: 0
A165: Mark Walton | B165: 14 | C165: 34 | D165: 0
A166: Chase Daniel | B166: 13 | C166: 3 | D166: 0
A167: Corey Grant | B167: 13 | C167: 40 | D167: 0
A168: Tyler Lockett | B168: 13 | C168: 69 | D168: 0
A169: D.J. Moore | B169: 13 | C169: 172 | D169: 0
A170: Darrel Williams | B170: 13 | C170: 44 | D170: 0
A171: Mike Boone | B171: 11 | C171: 47 | D171: 0
A172: Teddy Bridgewater | B172: 11 | C172: 5 | D172: 0
...

Sheet 2017
A1: Player | B1: Att | C1: Yds | D1: TD
A2: Le'Veon Bell | B2: 321 | C2: 1291 | D2: 9
A3: LeSean McCoy | B3: 287 | C3: 1138 | D3: 6
A4: Melvin Gordon | B4: 284 | C4: 1105 | D4: 8
A5: Todd Gurley | B5: 279 | C5: 1305 | D5: 13
A6: Jordan Howard | B6: 276 | C6: 1122 | D6: 9
A7: Kareem Hunt | B7: 272 | C7: 1327 | D7: 8
A8: Leonard Fournette | B8: 268 | C8: 1040 | D8: 9
A9: Frank Gore | B9: 261 | C9: 961 | D9: 3
A10: C.J. Anderson | B10: 245 | C10: 1007 | D10: 3
A11: Ezekiel Elliott | B11: 242 | C11: 983 | D11: 7
A12: Carlos Hyde | B12: 240 | C12: 938 | D12: 8
A13: Lamar Miller | B13: 238 | C13: 888 | D13: 3
... A26: Joe Mixon | B26: 178 | C26: 626 | D26: 4
A27: Rushing
A28: Player | B28: Att | C28: Yds | D28: TD
A29: Bilal Powell | B29: 178 | C29: 772 | D29: 5
A30: Derrick Henry | B30: 176 | C30: 744 | D30: 5
A31: Samaje Perine | B31: 175 | C31: 603 | D31: 1
A32: LeGarrette Blount | B32: 173 | C32: 766 | D32: 2
A33: Orleans Darkwa | B33: 171 | C33: 751 | D33: 5
A34: Ameer Abdullah | B34: 165 | C34: 552 | D34: 4
A35: Tevin Coleman | B35: 156 | C35: 628 | D35: 5
A36: Adrian Peterson | B36: 156 | C36: 529 | D36: 2
A37: Adrian Peterson | B37: 27 | C37: 81 | D37: 0
A38: Adrian Peterson | B38: 129 | C38: 448 | D38: 2
A39: Javorius Allen | B39: 153 | C39: 591 | D39: 4
A40: Jamaal Williams | B40: 153 | C40: 556 | D40: 4
... A53: Matt Breida | B53: 105 | C53: 465 | D53: 2
A54: Rushing
A55: Player | B55: Att | C55: Yds | D55: TD
A56: Mike Gillislee | B56: 104 | C56: 383 | D56: 5
A57: Matt Forte | B57: 103 | C57: 381 | D57: 2
A58: Russell Wilson | B58: 95 | C58: 586 | D58: 3
A59: Marlon Mack | B59: 93 | C59: 358 | D59: 3
A60: Elijah McGuire | B60: 88 | C60: 315 | D60: 1
A61: Tarik Cohen | B61: 87 | C61: 370 | D61: 2
A62: Theo Riddick | B62: 84 | C62: 286 | D62: 3
A63: Tyrod Taylor | B63: 84 | C63: 427 | D63: 4
A64: Duke Johnson | B64: 82 | C64: 348 | D64: 4
A65: Aaron Jones | B65: 81 | C65: 448 | D65: 4
A66: Devontae Booker | B66: 79 | C66: 299 | D66: 1
A67: D'Onta Foreman | B67: 78 | C67: 327 | D67: 2
... A80: Carson Wentz | B80: 64 | C80: 299 | D80: 0
A81: Rushing
A82: Player | B82: Att | C82: Yds | D82: TD
A83: Jacoby Brissett | B83: 63 | C83: 260 | D83: 4
A84: Malcolm Brown | B84: 63 | C84: 246 | D84: 1
A85: Robert Kelley | B85: 62 | C85: 194 | D85: 3
A86: Marcus Mariota | B86: 60 | C86: 312 | D86: 5
A87: Alex Smith | B87: 60 | C87: 355 | D87: 1
A88: Tavon Austin | B88: 59 | C88: 270 | D88: 1
A89: Thomas Rawls | B89: 58 | C89: 157 | D89: 0
A90: Blake Bortles | B90: 57 | C90: 322 | D90: 2
A91: Dak Prescott | B91: 57 | C91: 357 | D91: 6
A92: DeAndre Washington | B92: 57 | C92: 153 | D92: 2
A93: Jalen Richard | B93: 56 | C93: 275 | D93: 1
A94: Rod Smith | B94: 55 | C94: 232 | D94: 4
... A107: Mitchell Trubisky | B107: 41 | C107: 248 | D107: 2
A108: Rushing
A109: Player | B109: Att | C109: Yds | D109: TD
A110: Case Keenum | B110: 40 | C110: 160 | D110: 1
A111: Terrance West | B111: 39 | C111: 138 | D111: 2
A112: Andy Dalton | B112: 38 | C112: 99 | D112: 0
A113: Jeremy Hill | B113: 37 | C113: 116 | D113: 0
A114: Josh McCown | B114: 37 | C114: 124 | D114: 5
A115: Brett Hundley | B115: 36 | C115: 270 | D115: 2
A116: Deshaun Watson | B116: 36 | C116: 269 | D116: 2
A117: Branden Oliver | B117: 35 | C117: 83 | D117: 0
A118: Drew Brees | B118: 33 | C118: 12 | D118: 2
A119: Jameis Winston | B119: 33 | C119: 135 | D119: 1
A120: James Conner | B120: 32 | C120: 144 | D120: 0
A121: Matt Ryan | B121: 32 | C121: 143 | D121: 0
... A134: Derek Carr | B134: 23 | C134: 66 | D134: 0
A135: Rushing
A136: Player | B136: Att | C136: Yds | D136: TD
A137: Robert Turbin | B137: 23 | C137: 53 | D137: 1
A138: Travaris Cadet | B138: 23 | C138: 96 | D138: 0
A139: Travaris Cadet | B139: 1 | C139: 3 | D139: 0
A140: Travaris Cadet | B140: 22 | C140: 93 | D140: 0
A141: Blaine Gabbert | B141: 22 | C141: 82 | D141: 0
A142: Kapri Bibbs | B142: 21 | C142: 79 | D142: 0
A143: Charles Sims | B143: 21 | C143: 95 | D143: 0
A144: Dwayne Washington | B144: 20 | C144: 44 | D144: 0
A145: Andre Ellington | B145: 20 | C145: 55 | D145: 1
A146: Andre Ellington | B146: 15 | C146: 53 | D146: 1
A147: Andre Ellington | B147: 5 | C147: 2 | D147: 0
A148: Jay Cutler | B148: 19 | C148: 32 | D148: 0
... A161: Zach Zenner | B161: 14 | C161: 26 | D161: 1
A162: Rushing
A163: Player | B163: Att | C163: Yds | D163: TD
A164: Travis Benjamin | B164: 13 | C164: 96 | D164: 0
A165: Brandon Bolden | B165: 13 | C165: 67 | D165: 0
A166: Cordarrelle Patterson | B166: 13 | C166: 121 | D166: 2
A167: Eli Manning | B167: 12 | C167: 26 | D167: 1
A168: Lance Dunbar | B168: 11 | C168: 51 | D168: 1
A169: Nick Foles | B169: 11 | C169: 3 | D169: 0
A170: Brian Hill | B170: 11 | C170: 37 | D170: 0
A171: David Johnson | B171: 11 | C171: 23 | D171: 0
A172: C.J. Prosise | B172: 11 | C172: 23 | D172: 0
...

Sheet 2016
A1: Player | B1: Att | C1: Yds | D1: TD
A2: Ezekiel Elliott | B2: 322 | C2: 1631 | D2: 15
A3: LeGarrette Blount | B3: 299 | C3: 1161 | D3: 18
A4: David Johnson | B4: 293 | C4: 1239 | D4: 16
A5: DeMarco Murray | B5: 293 | C5: 1287 | D5: 9
A6: Todd Gurley | B6: 278 | C6: 885 | D6: 6
A7: Lamar Miller | B7: 268 | C7: 1073 | D7: 5
A8: Frank Gore | B8: 263 | C8: 1025 | D8: 4
A9: Le'Veon Bell | B9: 261 | C9: 1268 | D9: 7
A10: Jay Ajayi | B10: 260 | C10: 1272 | D10: 8
A11: Melvin Gordon | B11: 254 | C11: 997 | D11: 10
A12: Jordan Howard | B12: 252 | C12: 1313 | D12: 6
A13: LeSean McCoy | B13: 234 | C13: 1267 | D13: 13
... A26: Robert Kelley | B26: 168 | C26: 704 | D26: 6
A27: Rushing
A28: Player | B28: Att | C28: Yds | D28: TD
A29: Jerick McKinnon | B29: 159 | C29: 539 | D29: 2
A30: Ryan Mathews | B30: 155 | C30: 661 | D30: 8
A31: Christine Michael | B31: 148 | C31: 583 | D31: 7
A32: Christine Michael | B32: 117 | C32: 469 | D32: 6
A33: Christine Michael | B33: 31 | C33: 114 | D33: 1
A34: Doug Martin | B34: 144 | C34: 421 | D34: 3
A35: Tim Hightower | B35: 133 | C35: 548 | D35: 4
A36: Bilal Powell | B36: 131 | C36: 722 | D36: 3
A37: T.J. Yeldon | B37: 130 | C37: 465 | D37: 1
A38: Jacquizz Rodgers | B38: 129 | C38: 560 | D38: 2
A39: Matt Asiata | B39: 121 | C39: 402 | D39: 6
A40: Tevin Coleman | B40: 118 | C40: 520 | D40: 8
... A53: Giovani Bernard | B53: 91 | C53: 337 | D53: 2
A54: Rushing
A55: Player | B55: Att | C55: Yds | D55: TD
A56: Cam Newton | B56: 90 | C56: 359 | D56: 5
A57: Dwayne Washington | B57: 90 | C57: 265 | D57: 1
A58: Kenneth Dixon | B58: 88 | C58: 382 | D58: 2
A59: Charcandrick West | B59: 88 | C59: 293 | D59: 1
A60: Zach Zenner | B60: 88 | C60: 334 | D60: 4
A61: DeAndre Washington | B61: 87 | C61: 467 | D61: 2
A62: Justin Forsett | B62: 87 | C62: 291 | D62: 1
A63: Justin Forsett | B63: 31 | C63: 98 | D63: 0
A64: Justin Forsett | B64: 13 | C64: 38 | D64: 0
A65: Justin Forsett | B65: 43 | C65: 155 | D65: 1
A66: Jalen Richard | B66: 83 | C66: 491 | D66: 1
A67: Ty Montgomery | B67: 77 | C67: 457 | D67: 3
... A80: James Starks | B80: 63 | C80: 145 | D80: 0
A81: Rushing
A82: Player | B82: Att | C82: Yds | D82: TD
A83: Jeremy Langford | B83: 62 | C83: 200 | D83: 4
A84: Kenneth Farrow | B84: 60 | C84: 192 | D84: 0
A85: Marcus Mariota | B85: 60 | C85: 349 | D85: 2
A86: Blake Bortles | B86: 58 | C86: 359 | D86: 3
A87: Dak Prescott | B87: 57 | C87: 282 | D87: 6
A88: Fozzy Whittaker | B88: 57 | C88: 265 | D88: 0
A89: Peyton Barber | B89: 55 | C89: 223 | D89: 1
A90: Jameis Winston | B90: 53 | C90: 165 | D90: 1
A91: Charles Sims | B91: 51 | C91: 149 | D91: 1
A92: Alex Smith | B92: 48 | C92: 134 | D92: 5
A93: Robert Turbin | B93: 47 | C93: 164 | D93: 7
A94: Andy Dalton | B94: 46 | C94: 184 | D94: 4
... A107: Cameron Artis-Payne | B107: 36 | C107: 144 | D107: 2
A108: Rushing
A109: Player | B109: Att | C109: Yds | D109: TD
A110: Matt Ryan | B110: 35 | C110: 117 | D110: 0
A111: Mike Tolbert | B111: 35 | C111: 114 | D111: 0
A112: Damien Williams | B112: 35 | C112: 115 | D112: 3
A113: Kirk Cousins | B113: 34 | C113: 96 | D113: 4
A114: Andre Ellington | B114: 34 | C114: 96 | D114: 0
A115: Aaron Ripkowski | B115: 34 | C115: 150 | D115: 2
A116: Kenyan Drake | B116: 33 | C116: 179 | D116: 2
A117: Ryan Fitzpatrick | B117: 33 | C117: 130 | D117: 0
A118: Shane Vereen | B118: 33 | C118: 158 | D118: 1
A119: Ka'Deem Carey | B119: 32 | C119: 126 | D119: 0
A120: Corey Grant | B120: 32 | C120: 164 | D120: 1
A121: Alex Collins | B121: 31 | C121: 125 | D121: 1
... A134: Tyreek Hill | B134: 24 | C134: 267 | D134: 3
A135: Rushing
A136: Player | B136: Att | C136: Yds | D136: TD
A137: Darren McFadden | B137: 24 | C137: 87 | D137: 0
A138: Drew Brees | B138: 23 | C138: 20 | D138: 2
A139: Jonathan Grimes | B139: 23 | C139: 105 | D139: 0
A140: Arian Foster | B140: 22 | C140: 55 | D140: 0
A141: Benny Cunningham | B141: 21 | C141: 101 | D141: 0
A142: Joe Flacco | B142: 21 | C142: 58 | D142: 2
A143: Eli Manning | B143: 21 | C143: -9 | D143: 0
A144: Sam Bradford | B144: 20 | C144: 53 | D144: 0
A145: Akeem Hunt | B145: 20 | C145: 109 | D145: 0
A146: Case Keenum | B146: 20 | C146: 51 | D146: 1
A147: Mike Davis | B147: 19 | C147: 50 | D147: 1
A148: Byron Marshall | B148: 19 | C148: 64 | D148: 0
... A161: Ben Roethlisberger | B161: 16 | C161: 14 | D161: 1
A162: Rushing
A163: Player | B163: Att | C163: Yds | D163: TD
A164: Josh Ferguson | B164: 15 | C164: 20 | D164: 0
A165: Ted Ginn Jr. | B165: 14 | C165: 98 | D165: 0
A166: Carson Palmer | B166: 14 | C166: 38 | D166: 0
A167: Philip Rivers | B167: 14 | C167: 35 | D167: 0
A168: Fitzgerald Toussaint | B168: 14 | C168: 58 | D168: 0
A169: Reggie Bush | B169: 12 | C169: -3 | D169: 1
A170: Jamaal Charles | B170: 12 | C170: 40 | D170: 1
A171: Julian Edelman | B171: 12 | C171: 57 | D171: 0
A172: Troymaine Pope | B172: 12 | C172: 44 | D172: 0
...

Sheet 2015
A2: Player | B2: Att | C2: Yds | D2: TD
A3: Adrian Peterson | B3: 327 | C3: 1485 | D3: 11
A4: Doug Martin | B4: 288 | C4: 1402 | D4: 6
A5: Latavius Murray | B5: 266 | C5: 1066 | D5: 6
A6: Devonta Freeman | B6: 265 | C6: 1056 | D6: 11
A7: Frank Gore | B7: 260 | C7: 967 | D7: 6
A8: Chris Ivory | B8: 247 | C8: 1070 | D8: 7
A9: Jonathan Stewart | B9: 242 | C9: 989 | D9: 6
A10: Darren McFadden | B10: 239 | C10: 1089 | D10: 3
A11: Todd Gurley | B11: 229 | C11: 1106 | D11: 10
A12: Jeremy Hill | B12: 223 | C12: 794 | D12: 11
A13: Matt Forte | B13: 218 | C13: 898 | D13: 4
A14: Ronnie Hillman | B14: 207 | C14: 863 | D14: 7
... A27: Mark Ingram | B27: 166 | C27: 769 | D27: 6
A28: Rushing
A29: Player | B29: Att | C29: Yds | D29: TD
A30: LeGarrette Blount | B30: 165 | C30: 703 | D30: 6
A31: Charcandrick West | B31: 160 | C31: 634 | D31: 4
A32: Giovani Bernard | B32: 154 | C32: 730 | D32: 2
A33: C.J. Anderson | B33: 152 | C33: 720 | D33: 5
A34: Justin Forsett | B34: 151 | C34: 641 | D34: 2
A35: Jeremy Langford | B35: 148 | C35: 537 | D35: 6
A36: James Starks | B36: 148 | C36: 601 | D36: 2
A37: Thomas Rawls | B37: 147 | C37: 830 | D37: 4
A38: Matt Jones | B38: 144 | C38: 490 | D38: 3
A39: Ameer Abdullah | B39: 143 | C39: 597 | D39: 2
A40: Antonio Andrews | B40: 143 | C40: 520 | D40: 3
A41: Javorius Allen | B41: 137 | C41: 514 | D41: 1
... A54: Tim Hightower | B54: 96 | C54: 375 | D54: 4
A55: Rushing
A56: Player | B56: Att | C56: Yds | D56: TD
A57: Karlos Williams | B57: 93 | C57: 517 | D57: 7
A58: Joique Bell | B58: 90 | C58: 311 | D58: 4
A59: Andre Williams | B59: 88 | C59: 257 | D59: 1
A60: Tevin Coleman | B60: 87 | C60: 392 | D60: 1
A61: Alex Smith | B61: 84 | C61: 498 | D61: 2
A62: Darren Sproles | B62: 83 | C62: 317 | D62: 3
A63: Shaun Draughn | B63: 78 | C63: 273 | D63: 1
A64: Shaun Draughn | B64: 2 | C64: 10 | D64: 0
A65: Shaun Draughn | B65: 76 | C65: 263 | D65: 1
A66: Joseph Randle | B66: 76 | C66: 315 | D66: 4
A67: Tre Mason | B67: 75 | C67: 207 | D67: 1
A68: Spencer Ware | B68: 72 | C68: 403 | D68: 6
... A81: Aaron Rodgers | B81: 58 | C81: 344 | D81: 1
A82: Rushing
A83: Player | B83: Att | C83: Yds | D83: TD
A84: Andy Dalton | B84: 57 | C84: 142 | D84: 3
A85: Jonathan Grimes | B85: 56 | C85: 282 | D85: 1
A86: Khiry Robinson | B86: 56 | C86: 180 | D86: 4
A87: Dexter McCluster | B87: 55 | C87: 247 | D87: 1
A88: Jameis Winston | B88: 54 | C88: 213 | D88: 6
A89: Christine Michael | B89: 54 | C89: 243 | D89: 0
A90: Christine Michael | B90: 15 | C90: 51 | D90: 0
A91: Christine Michael | B91: 39 | C91: 192 | D91: 0
A92: Tavon Austin | B92: 52 | C92: 434 | D92: 4
A93: Blake Bortles | B93: 52 | C93: 310 | D93: 2
A94: David Cobb | B94: 52 | C94: 146 | D94: 1
A95: Jerick McKinnon | B95: 52 | C95: 271 | D95: 2
... A108: Colin Kaepernick | B108: 45 | C108: 256 | D108: 1
A109: Rushing
A110: Player | B110: Att | C110: Yds | D110: TD
A111: Jonas Gray | B111: 45 | C111: 176 | D111: 0
A112: Jonas Gray | B112: 31 | C112: 122 | D112: 0
A113: Jonas Gray | B113: 14 | C113: 54 | D113: 0
A114: Teddy Bridgewater | B114: 44 | C114: 192 | D114: 3
A115: Matthew Stafford | B115: 44 | C115: 159 | D115: 1
A116: Ka'Deem Carey | B116: 43 | C116: 159 | D116: 2
A117: Theo Riddick | B117: 43 | C117: 133 | D117: 0
A118: Jay Cutler | B118: 38 | C118: 201 | D118: 1
A119: Benny Cunningham | B119: 37 | C119: 140 | D119: 0
A120: Johnny Manziel | B120: 37 | C120: 230 | D120: 0
A121: Orleans Darkwa | B121: 36 | C121: 153 | D121: 1
A122: Stevan Ridley | B122: 36 | C122: 90 | D122: 0
... A135: Zac Stacy | B135: 31 | C135: 89 | D135: 1
A136: Rushing
A137: Player | B137: Att | C137: Yds | D137: TD
A138: Matt Asiata | B138: 29 | C138: 112 | D138: 0
A139: Terron Ward | B139: 29 | C139: 95 | D139: 1
A140: Kenjon Barner | B140: 28 | C140: 124 | D140: 0
A141: Knile Davis | B141: 28 | C141: 72 | D141: 1
A142: Kerwynn Williams | B142: 27 | C142: 142 | D142: 1
A143: Sam Bradford | B143: 26 | C143: 39 | D143: 0
A144: Kirk Cousins | B144: 26 | C144: 48 | D144: 5
A145: Fred Jackson | B145: 26 | C145: 100 | D145: 0
A146: Bryce Brown | B146: 25 | C146: 72 | D146: 1
A147: Carson Palmer | B147: 25 | C147: 24 | D147: 1
A148: Fozzy Whittaker | B148: 25 | C148: 108 | D148: 1
A149: Dan Herron | B149: 25 | C149: 79 | D149: 0
... A162: Jarvis Landry | B162: 18 | C162: 113 | D162: 1
A163: Rushing
A164: Player | B164: Att | C164: Yds | D164: TD
A165: Juwan Thompson | B165: 18 | C165: 48 | D165: 0
A166: Fitzgerald Toussaint | B166: 18 | C166: 42 | D166: 0
A167: Nick Foles | B167: 17 | C167: 20 | D167: 1
A168: Jarryd Hayne | B168: 17 | C168: 52 | D168: 0
A169: Roy Helu | B169: 17 | C169: 39 | D169: 0
A170: Akeem Hunt | B170: 17 | C170: 96 | D170: 0
A171: EJ Manuel | B171: 17 | C171: 64 | D171: 1
A172: Philip Rivers | B172: 17 | C172: 28 | D172: 0
A173: Josh Robinson | B173: 17 | C173: 39 | D173: 0
...

Sheet 2014
A1: Player | B1: Att | C1: Yds | D1: TD
A2: DeMarco Murray | B2: 392 | C2: 1845 | D2: 13
A3: LeSean McCoy | B3: 312 | C3: 1319 | D3: 5
A4: Le'Veon Bell | B4: 290 | C4: 1361 | D4: 8
A5: Marshawn Lynch | B5: 280 | C5: 1306 | D5: 13
A6: Matt Forte | B6: 266 | C6: 1038 | D6: 6
A7: Alfred Morris | B7: 265 | C7: 1074 | D7: 8
A8: Arian Foster | B8: 260 | C8: 1246 | D8: 8
A9: Frank Gore | B9: 255 | C9: 1106 | D9: 4
A10: Eddie Lacy | B10: 246 | C10: 1139 | D10: 9
A11: Justin Forsett | B11: 235 | C11: 1266 | D11: 8
A12: Mark Ingram | B12: 226 | C12: 964 | D12: 9
A13: Joique Bell | B13: 223 | C13: 860 | D13: 7
... A26: Giovani Bernard | B26: 168 | C26: 680 | D26: 5
A27: Rushing
A28: Player | B28: Att | C28: Yds | D28: TD
A29: Rashad Jennings | B29: 167 | C29: 639 | D29: 4
A30: Matt Asiata | B30: 164 | C30: 570 | D30: 9
A31: Branden Oliver | B31: 160 | C31: 582 | D31: 3
A32: Trent Richardson | B32: 159 | C32: 519 | D32: 3
A33: Chris Johnson | B33: 155 | C33: 663 | D33: 1
A34: Darren McFadden | B34: 155 | C34: 534 | D34: 2
A35: Bishop Sankey | B35: 152 | C35: 569 | D35: 2
A36: Isaiah Crowell | B36: 148 | C36: 607 | D36: 8
A37: Fred Jackson | B37: 141 | C37: 525 | D37: 2
A38: Denard Robinson | B38: 135 | C38: 582 | D38: 4
A39: Knile Davis | B39: 134 | C39: 463 | D39: 6
A40: Doug Martin | B40: 134 | C40: 494 | D40: 2
... A53: Toby Gerhart | B53: 101 | C53: 326 | D53: 2
A54: Rushing
A55: Player | B55: Att | C55: Yds | D55: TD
A56: Shane Vereen | B56: 96 | C56: 391 | D56: 2
A57: Shonn Greene | B57: 94 | C57: 392 | D57: 2
A58: Bobby Rainey | B58: 94 | C58: 406 | D58: 1
A59: Stevan Ridley | B59: 94 | C59: 340 | D59: 2
A60: Bernard Pierce | B60: 93 | C60: 366 | D60: 2
A61: Ahmad Bradshaw | B61: 90 | C61: 425 | D61: 2
A62: Jonas Gray | B62: 89 | C62: 412 | D62: 5
A63: Donald Brown | B63: 85 | C63: 223 | D63: 0
A64: James Starks | B64: 85 | C64: 333 | D64: 2
A65: Carlos Hyde | B65: 83 | C65: 333 | D65: 4
A66: Latavius Murray | B66: 82 | C66: 424 | D66: 2
A67: Dan Herron | B67: 78 | C67: 351 | D67: 1
... A80: DeAngelo Williams | B80: 62 | C80: 219 | D80: 0
A81: Rushing
A82: Player | B82: Att | C82: Yds | D82: TD
A83: Andy Dalton | B83: 60 | C83: 169 | D83: 4
A84: Geno Smith | B84: 59 | C84: 238 | D84: 1
A85: Jacquizz Rodgers | B85: 58 | C85: 217 | D85: 1
A86: Darren Sproles | B86: 57 | C86: 329 | D86: 6
A87: Blake Bortles | B87: 56 | C87: 419 | D87: 0
A88: Ryan Tannehill | B88: 56 | C88: 311 | D88: 1
A89: Montee Ball | B89: 55 | C89: 172 | D89: 1
A90: Juwan Thompson | B90: 54 | C90: 272 | D90: 3
A91: Kerwynn Williams | B91: 53 | C91: 246 | D91: 0
A92: Joseph Randle | B92: 51 | C92: 343 | D92: 3
A93: Ryan Fitzpatrick | B93: 50 | C93: 184 | D93: 2
A94: Alex Smith | B94: 49 | C94: 254 | D94: 1
... A107: Robert Griffin | B107: 38 | C107: 176 | D107: 1
A108: Rushing
A109: Player | B109: Att | C109: Yds | D109: TD
A110: Philip Rivers | B110: 37 | C110: 102 | D110: 0
A111: Mike Tolbert | B111: 37 | C111: 78 | D111: 0
A112: Tavon Austin | B112: 36 | C112: 224 | D112: 2
A113: Tom Brady | B113: 36 | C113: 57 | D113: 0
A114: Bryce Brown | B114: 36 | C114: 126 | D114: 0
A115: Ka'Deem Carey | B115: 36 | C115: 158 | D115: 0
A116: Damien Williams | B116: 36 | C116: 122 | D116: 0
A117: Christine Michael | B117: 34 | C117: 175 | D117: 0
A118: Mark Sanchez | B118: 34 | C118: 87 | D118: 1
A119: Bilal Powell | B119: 33 | C119: 141 | D119: 1
A120: Ben Roethlisberger | B120: 33 | C120: 27 | D120: 0
A121: Percy Harvin | B121: 33 | C121: 202 | D121: 1
... A134: Peyton Hillis | B134: 26 | C134: 115 | D134: 0
A135: Rushing
A136: Player | B136: Att | C136: Yds | D136: TD
A137: Tony Romo | B137: 26 | C137: 61 | D137: 0
A138: Michael Vick | B138: 26 | C138: 153 | D138: 0
A139: Josh McCown | B139: 25 | C139: 127 | D139: 3
A140: Drew Stanton | B140: 25 | C140: 63 | D140: 0
A141: Brian Hoyer | B141: 24 | C141: 39 | D141: 0
A142: John Kuhn | B142: 24 | C142: 85 | D142: 1
A143: Peyton Manning | B143: 24 | C143: -24 | D143: 0
A144: Antone Smith | B144: 23 | C144: 144 | D144: 2
A145: Jake Locker | B145: 22 | C145: 142 | D145: 1
A146: Joe Banyard | B146: 21 | C146: 88 | D146: 0
A147: Adrian Peterson | B147: 21 | C147: 75 | D147: 0
A148: Marcel Reece | B148: 21 | C148: 85 | D148: 0
... A161: Colt McCoy | B161: 16 | C161: 66 | D161: 1
A162: Rushing
A163: Player | B163: Att | C163: Yds | D163: TD
A164: Silas Redd | B164: 16 | C164: 75 | D164: 1
A165: Marion Grice | B165: 15 | C165: 41 | D165: 1
A166: Kyle Orton | B166: 15 | C166: 14 | D166: 1
A167: Cedric Peerman | B167: 15 | C167: 43 | D167: 0
A168: Danny Woodhead | B168: 15 | C168: 38 | D168: 0
A169: Chris Ogbonnaya | B169: 14 | C169: 50 | D169: 1
A170: De'Anthony Thomas | B170: 14 | C170: 113 | D170: 1
A171: Leon Washington | B171: 13 | C171: 57 | D171: 0
A172: Eli Manning | B172: 12 | C172: 31 | D172: 1
...

Sheet 2013
A1: Rushing
A2: Player | B2: Att | C2: Yds | D2: TD
A3: LeSean McCoy | B3: 314 | C3: 1607 | D3: 9
A4: Marshawn Lynch | B4: 301 | C4: 1257 | D4: 12
A5: Matt Forte | B5: 289 | C5: 1339 | D5: 9
A6: Ryan Mathews | B6: 285 | C6: 1255 | D6: 6
A7: Eddie Lacy | B7: 284 | C7: 1178 | D7: 11
A8: Chris Johnson | B8: 279 | C8: 1077 | D8: 6
A9: Adrian Peterson | B9: 279 | C9: 1266 | D9: 10
A10: Frank Gore | B10: 276 | C10: 1128 | D10: 9
A11: Alfred Morris | B11: 276 | C11: 1275 | D11: 7
A12: Jamaal Charles | B12: 259 | C12: 1287 | D12: 12
A13: Zac Stacy | B13: 250 | C13: 973 | D13: 7
A14: Le'Veon Bell | B14: 244 | C14: 860 | D14: 8
... A54: Danny Woodhead | B54: 106 | C54: 429 | D54: 2
A55: Rushing
A56: Player | B56: Att | C56: Yds | D56: TD
A57: Donald Brown | B57: 102 | C57: 537 | D57: 6
A58: Mike Tolbert | B58: 101 | C58: 361 | D58: 5
A59: Jacquizz Rodgers | B59: 96 | C59: 332 | D59: 2
A60: Russell Wilson | B60: 96 | C60: 539 | D60: 1
A61: Colin Kaepernick | B61: 92 | C61: 524 | D61: 4
A62: James Starks | B62: 89 | C62: 493 | D62: 3
A63: Robert Griffin | B63: 86 | C63: 489 | D63: 0
A64: Terrelle Pryor | B64: 83 | C64: 576 | D64: 2
A65: Kendall Hunter | B65: 78 | C65: 358 | D65: 3
A66: Mark Ingram | B66: 78 | C66: 386 | D66: 1
A67: Shonn Greene | B67: 77 | C67: 295 | D67: 4
A68: Robert Turbin | B68: 77 | C68: 264 | D68: 0
... A81: Brandon Jacobs | B81: 58 | C81: 238 | D81: 4
A82: Rushing
A83: Player | B83: Att | C83: Yds | D83: TD
A84: Nick Foles | B84: 57 | C84: 221 | D84: 3
A85: Brandon Bolden | B85: 55 | C85: 271 | D85: 3
A86: Ronnie Hillman | B86: 55 | C86: 218 | D86: 1
A87: Joseph Randle | B87: 54 | C87: 164 | D87: 2
A88: Khiry Robinson | B88: 54 | C88: 224 | D88: 1
A89: EJ Manuel | B89: 53 | C89: 186 | D89: 2
A90: Darren Sproles | B90: 53 | C90: 220 | D90: 2
A91: Jonathan Dwyer | B91: 49 | C91: 197 | D91: 0
A92: Dennis Johnson | B92: 49 | C92: 183 | D92: 0
A93: Chris Ogbonnaya | B93: 49 | C93: 240 | D93: 0
A94: Felix Jones | B94: 48 | C94: 184 | D94: 0
A95: Jonathan Stewart | B95: 48 | C95: 180 | D95: 0
... A108: Ryan Fitzpatrick | B108: 43 | C108: 225 | D108: 3
A109: Rushing
A110: Player | B110: Att | C110: Yds | D110: TD
A111: Ahmad Bradshaw | B111: 41 | C111: 186 | D111: 2
A112: Ryan Tannehill | B112: 40 | C112: 238 | D112: 1
A113: Matthew Stafford | B113: 37 | C113: 69 | D113: 2
A114: Jackie Battle | B114: 36 | C114: 142 | D114: 1
A115: Toby Gerhart | B115: 36 | C115: 283 | D115: 2
A116: Stepfan Taylor | B116: 36 | C116: 115 | D116: 0
A117: Michael Vick | B117: 36 | C117: 306 | D117: 2
A118: Drew Brees | B118: 35 | C118: 52 | D118: 3
A119: Christian Ponder | B119: 34 | C119: 151 | D119: 4
A120: Tom Brady | B120: 32 | C120: 18 | D120: 0
A121: Peyton Manning | B121: 32 | C121: -31 | D121: 1
A122: Lance Dunbar | B122: 30 | C122: 150 | D122: 0
... A135: Jay Cutler | B135: 23 | C135: 118 | D135: 0
A136: Rushing
A137: Player | B137: Att | C137: Yds | D137: TD
A138: Michael Cox | B138: 22 | C138: 43 | D138: 0
A139: Jonathan Grimes | B139: 21 | C139: 73 | D139: 1
A140: Denard Robinson | B140: 20 | C140: 66 | D140: 0
A141: Tony Romo | B141: 20 | C141: 38 | D141: 0
A142: Da'Rel Scott | B142: 20 | C142: 73 | D142: 0
A143: Matt Flynn | B143: 20 | C143: 65 | D143: 0
A144: Matt Flynn | B144: 3 | C144: 4 | D144: 0
A145: Matt Flynn | B145: 17 | C145: 61 | D145: 0
A146: Johnathan Franklin | B146: 19 | C146: 107 | D146: 1
A147: Matt Cassel | B147: 18 | C147: 57 | D147: 1
A148: Eli Manning | B148: 18 | C148: 36 | D148: 0
A149: Christine Michael | B149: 18 | C149: 79 | D149: 0
... A162: LaMichael James | B162: 12 | C162: 59 | D162: 0
A163: Rushing
A164: Player | B164: Att | C164: Yds | D164: TD
A165: Deji Karim | B165: 12 | C165: 51 | D165: 0
A166: Cordarrelle Patterson | B166: 12 | C166: 158 | D166: 3
A167: Frank Summers | B167: 12 | C167: 46 | D167: 1
A168: Brandon Weeden | B168: 12 | C168: 44 | D168: 0
A169: Darrel Young | B169: 12 | C169: 41 | D169: 3
A170: Alex Green | B170: 11 | C170: 35 | D170: 0
A171: Vonta Leach | B171: 11 | C171: 23 | D171: 0
A172: Le'Ron McClain | B172: 11 | C172: 32 | D172: 0
A173: Matt McGloin | B173: 11 | C173: 27 | D173: 0
A174: Chris Polk | B174: 11 | C174: 98 | D174: 3
A175: John Kuhn | B175: 10 | C175: 38 | D175: 1
A176: Isaac Redman | B176: 10 | C176: 12 | D176: 0
... A189: Charles Clay | B189: 7 | C189: 15 | D189: 1
A190: Rushing
A191: Player | B191: Att | C191: Yds | D191: TD
A192: Mike Goodson | B192: 7 | C192: 61 | D192: 0
A193: Stanley Havili | B193: 7 | C193: 7 | D193: 0
A194: Josh Johnson | B194: 7 | C194: 20 | D194: 0
A195: Bruce Miller | B195: 7 | C195: 13 | D195: 0
A196: Isaiah Pead | B196: 7 | C196: 21 | D196: 0
A197: Kenjon Barner | B197: 6 | C197: 7 | D197: 0
A198: Justin Forsett | B198: 6 | C198: 31 | D198: 0
A199: Mike Gillislee | B199: 6 | C199: 21 | D199: 0
...

Sheet 2012
A1: Player | B1: Att | C1: Yds | D1: TD
A2: Brad Smith | B2: 14 | C2: 116 | D2: 1
A3: Percy Harvin | B3: 22 | C3: 96 | D3: 1
A4: Darius Reynaud | B4: 16 | C4: 33 | D4: 0
A5: Randall Cobb | B5: 10 | C5: 132 | D5: 0
A6: Nate Burleson | B6: 8 | C6: 48 | D6: 0
A7: Brandon Banks | B7: 7 | C7: 36 | D7: 0
A8: Antonio Brown | B8: 7 | C8: 24 | D8: 0
A9: Mike Thomas | B9: 7 | C9: 57 | D9: 0
A10: Travis Benjamin | B10: 6 | C10: 66 | D10: 0
A11: Josh Cribbs | B11: 6 | C11: 42 | D11: 0
A12: Andrew Hawkins | B12: 6 | C12: 30 | D12: 0
A13: Julio Jones | B13: 6 | C13: 30 | D13: 0
... A492: Matt Tennant | B492: 0 | C492: 0 | D492: 0
A493: League Average
